[Fri Apr 21 10:07:07.183 2023][libcsd]Function: csd_init Thread Id: 0x6BB3B000 File: /tmp/build/thehoff/Phoenix_MR40.705273986898/Phoenix_MR4/posture/asa/libcsd/csd_api.c Line: 555 Level: all :: hello
[Fri Apr 21 10:07:07.183 2023][libcsd]Function: csd_init Thread Id: 0x6BB3B000 File: /tmp/build/thehoff/Phoenix_MR40.705273986898/Phoenix_MR4/posture/asa/libcsd/csd_api.c Line: 556 Level: all :: libcsd.dylib version 4.10.04065
[Fri Apr 21 10:07:07.183 2023][libcsd]Function: hs_transport_init Thread Id: 0x6BB3B000 File: /tmp/build/thehoff/Phoenix_MR40.705273986898/Phoenix_MR4/posture/common/libhstransport/hs_transport.c Line: 284 Level: trace :: initialization
[Fri Apr 21 10:07:07.184 2023][libcsd]Function: hs_transport_curl_set_options Thread Id: 0x6BB3B000 File: /tmp/build/thehoff/Phoenix_MR40.705273986898/Phoenix_MR4/posture/common/libhstransport/hs_transport_curl.c Line: 744 Level: debug :: Setting TLS version option
[Fri Apr 21 10:07:07.184 2023][libcsd]Function: hs_transport_init Thread Id: 0x6BB3B000 File: /tmp/build/thehoff/Phoenix_MR40.705273986898/Phoenix_MR4/posture/common/libhstransport/hs_transport.c Line: 323 Level: debug :: using libcurl
[Fri Apr 21 10:07:07.184 2023][libcsd]Function: hs_transport_sethttpver Thread Id: 0x6BB3B000 File: /tmp/build/thehoff/Phoenix_MR40.705273986898/Phoenix_MR4/posture/common/libhstransport/hs_transport.c Line: 861 Level: trace :: setting http version
[Fri Apr 21 10:07:07.184 2023][libcsd]Function: hs_transport_sethttpver Thread Id: 0x6BB3B000 File: /tmp/build/thehoff/Phoenix_MR40.705273986898/Phoenix_MR4/posture/common/libhstransport/hs_transport.c Line: 879 Level: trace :: setting http version done
[Fri Apr 21 10:07:07.184 2023][libcsd]Function: hs_transport_init Thread Id: 0x6BB3B000 File: /tmp/build/thehoff/Phoenix_MR40.705273986898/Phoenix_MR4/posture/common/libhstransport/hs_transport.c Line: 592 Level: trace :: accepting all http versions
[Fri Apr 21 10:07:07.184 2023][libcsd]Function: hs_transport_setconntimeout Thread Id: 0x6BB3B000 File: /tmp/build/thehoff/Phoenix_MR40.705273986898/Phoenix_MR4/posture/common/libhstransport/hs_transport.c Line: 895 Level: trace :: setting connection timeout
[Fri Apr 21 10:07:07.184 2023][libcsd]Function: hs_transport_setconntimeout Thread Id: 0x6BB3B000 File: /tmp/build/thehoff/Phoenix_MR40.705273986898/Phoenix_MR4/posture/common/libhstransport/hs_transport.c Line: 913 Level: trace :: setting connection timeout done
[Fri Apr 21 10:07:07.184 2023][libcsd]Function: hs_transport_init Thread Id: 0x6BB3B000 File: /tmp/build/thehoff/Phoenix_MR40.705273986898/Phoenix_MR4/posture/common/libhstransport/hs_transport.c Line: 595 Level: trace :: connect timeout = 90000
[Fri Apr 21 10:07:07.184 2023][libcsd]Function: hs_transport_setsendtimeout Thread Id: 0x6BB3B000 File: /tmp/build/thehoff/Phoenix_MR40.705273986898/Phoenix_MR4/posture/common/libhstransport/hs_transport.c Line: 965 Level: trace :: setting send timeout
[Fri Apr 21 10:07:07.184 2023][libcsd]Function: hs_transport_setsendtimeout Thread Id: 0x6BB3B000 File: /tmp/build/thehoff/Phoenix_MR40.705273986898/Phoenix_MR4/posture/common/libhstransport/hs_transport.c Line: 983 Level: trace :: setting send timeout done
[Fri Apr 21 10:07:07.184 2023][libcsd]Function: hs_transport_init Thread Id: 0x6BB3B000 File: /tmp/build/thehoff/Phoenix_MR40.705273986898/Phoenix_MR4/posture/common/libhstransport/hs_transport.c Line: 597 Level: trace :: send timeout = 90000
[Fri Apr 21 10:07:07.184 2023][libcsd]Function: hs_transport_setrecvtimeout Thread Id: 0x6BB3B000 File: /tmp/build/thehoff/Phoenix_MR40.705273986898/Phoenix_MR4/posture/common/libhstransport/hs_transport.c Line: 930 Level: trace :: setting receive timeout
[Fri Apr 21 10:07:07.184 2023][libcsd]Function: hs_transport_setrecvtimeout Thread Id: 0x6BB3B000 File: /tmp/build/thehoff/Phoenix_MR40.705273986898/Phoenix_MR4/posture/common/libhstransport/hs_transport.c Line: 948 Level: trace :: setting receive timeout done
[Fri Apr 21 10:07:07.184 2023][libcsd]Function: hs_transport_init Thread Id: 0x6BB3B000 File: /tmp/build/thehoff/Phoenix_MR40.705273986898/Phoenix_MR4/posture/common/libhstransport/hs_transport.c Line: 599 Level: trace :: receive timeout = 90000
[Fri Apr 21 10:07:07.184 2023][libcsd]Function: hs_transport_resetproxy Thread Id: 0x6BB3B000 File: /tmp/build/thehoff/Phoenix_MR40.705273986898/Phoenix_MR4/posture/common/libhstransport/hs_transport.c Line: 1773 Level: trace :: resetting proxy
[Fri Apr 21 10:07:07.184 2023][libcsd]Function: hs_transport_resetproxy Thread Id: 0x6BB3B000 File: /tmp/build/thehoff/Phoenix_MR40.705273986898/Phoenix_MR4/posture/common/libhstransport/hs_transport.c Line: 1791 Level: trace :: resetting proxy done
[Fri Apr 21 10:07:07.184 2023][libcsd]Function: hs_transport_init Thread Id: 0x6BB3B000 File: /tmp/build/thehoff/Phoenix_MR40.705273986898/Phoenix_MR4/posture/common/libhstransport/hs_transport.c Line: 617 Level: trace :: initialization done
[Fri Apr 21 10:07:07.184 2023][libcsd]Function: arg_set Thread Id: 0x6BB3B000 File: /tmp/build/thehoff/Phoenix_MR40.705273986898/Phoenix_MR4/posture/asa/libcsd/args.c Line: 98 Level: debug :: set argument (allow-updates)=(1)
[Fri Apr 21 10:07:07.184 2023][libcsd]Function: csd_setarg Thread Id: 0x6BB3B000 File: /tmp/build/thehoff/Phoenix_MR40.705273986898/Phoenix_MR4/posture/asa/libcsd/csd_api.c Line: 680 Level: debug :: received arg: (ticket)
[Fri Apr 21 10:07:07.184 2023][libcsd]Function: arg_set Thread Id: 0x6BB3B000 File: /tmp/build/thehoff/Phoenix_MR40.705273986898/Phoenix_MR4/posture/asa/libcsd/args.c Line: 94 Level: debug :: set argument (ticket)
[Fri Apr 21 10:07:07.184 2023][libcsd]Function: csd_setarg Thread Id: 0x6BB3B000 File: /tmp/build/thehoff/Phoenix_MR40.705273986898/Phoenix_MR4/posture/asa/libcsd/csd_api.c Line: 680 Level: debug :: received arg: (host)
[Fri Apr 21 10:07:07.184 2023][libcsd]Function: arg_set Thread Id: 0x6BB3B000 File: /tmp/build/thehoff/Phoenix_MR40.705273986898/Phoenix_MR4/posture/asa/libcsd/args.c Line: 98 Level: debug :: set argument (host)=(https://128.200.205.245)
[Fri Apr 21 10:07:07.184 2023][libcsd]Function: csd_setarg Thread Id: 0x6BB3B000 File: /tmp/build/thehoff/Phoenix_MR40.705273986898/Phoenix_MR4/posture/asa/libcsd/csd_api.c Line: 680 Level: debug :: received arg: (fqdn)
[Fri Apr 21 10:07:07.184 2023][libcsd]Function: arg_set Thread Id: 0x6BB3B000 File: /tmp/build/thehoff/Phoenix_MR40.705273986898/Phoenix_MR4/posture/asa/libcsd/args.c Line: 98 Level: debug :: set argument (fqdn)=(vpn.uci.edu)
[Fri Apr 21 10:07:07.184 2023][libcsd]Function: hs_transport_setSNI Thread Id: 0x6BB3B000 File: /tmp/build/thehoff/Phoenix_MR40.705273986898/Phoenix_MR4/posture/common/libhstransport/hs_transport.c Line: 1190 Level: trace :: setting resolve
[Fri Apr 21 10:07:07.184 2023][libcsd]Function: hs_transport_setSNI Thread Id: 0x6BB3B000 File: /tmp/build/thehoff/Phoenix_MR40.705273986898/Phoenix_MR4/posture/common/libhstransport/hs_transport.c Line: 1201 Level: trace :: setting resolve done. resolve = vpn.uci.edu
[Fri Apr 21 10:07:07.184 2023][libcsd]Function: csd_setarg Thread Id: 0x6BB3B000 File: /tmp/build/thehoff/Phoenix_MR40.705273986898/Phoenix_MR4/posture/asa/libcsd/csd_api.c Line: 680 Level: debug :: received arg: (stub)
[Fri Apr 21 10:07:07.184 2023][libcsd]Function: arg_set Thread Id: 0x6BB3B000 File: /tmp/build/thehoff/Phoenix_MR40.705273986898/Phoenix_MR4/posture/asa/libcsd/args.c Line: 98 Level: debug :: set argument (stub)=(0)
[Fri Apr 21 10:07:07.184 2023][libcsd]Function: csd_setarg Thread Id: 0x6BB3B000 File: /tmp/build/thehoff/Phoenix_MR40.705273986898/Phoenix_MR4/posture/asa/libcsd/csd_api.c Line: 680 Level: debug :: received arg: (group)
[Fri Apr 21 10:07:07.184 2023][libcsd]Function: csd_setarg Thread Id: 0x6BB3B000 File: /tmp/build/thehoff/Phoenix_MR40.705273986898/Phoenix_MR4/posture/asa/libcsd/csd_api.c Line: 680 Level: debug :: received arg: (server-certhash)
[Fri Apr 21 10:07:07.184 2023][libcsd]Function: arg_set Thread Id: 0x6BB3B000 File: /tmp/build/thehoff/Phoenix_MR40.705273986898/Phoenix_MR4/posture/asa/libcsd/args.c Line: 98 Level: debug :: set argument (server-certhash)=(sha1:B61DDE719F72101224361668FE1A4DF944FF57C4)
[Fri Apr 21 10:07:07.184 2023][libcsd]Function: csd_setarg Thread Id: 0x6BB3B000 File: /tmp/build/thehoff/Phoenix_MR40.705273986898/Phoenix_MR4/posture/asa/libcsd/csd_api.c Line: 680 Level: debug :: received arg: (langsel)
[Fri Apr 21 10:07:07.184 2023][libcsd]Function: arg_set Thread Id: 0x6BB3B000 File: /tmp/build/thehoff/Phoenix_MR40.705273986898/Phoenix_MR4/posture/asa/libcsd/args.c Line: 98 Level: debug :: set argument (langsel)=(langselen)
[Fri Apr 21 10:07:07.184 2023][libcsd]Function: csd_setarg Thread Id: 0x6BB3B000 File: /tmp/build/thehoff/Phoenix_MR40.705273986898/Phoenix_MR4/posture/asa/libcsd/csd_api.c Line: 680 Level: debug :: received arg: (vpnclient)
[Fri Apr 21 10:07:07.184 2023][libcsd]Function: arg_set Thread Id: 0x6BB3B000 File: /tmp/build/thehoff/Phoenix_MR40.705273986898/Phoenix_MR4/posture/asa/libcsd/args.c Line: 94 Level: debug :: set argument (vpnclient)
[Fri Apr 21 10:07:07.184 2023][libcsd]Function: csd_setarg Thread Id: 0x6BB3B000 File: /tmp/build/thehoff/Phoenix_MR40.705273986898/Phoenix_MR4/posture/asa/libcsd/csd_api.c Line: 680 Level: debug :: received arg: (url)
[Fri Apr 21 10:07:07.184 2023][libcsd]Function: arg_set Thread Id: 0x6BB3B000 File: /tmp/build/thehoff/Phoenix_MR40.705273986898/Phoenix_MR4/posture/asa/libcsd/args.c Line: 98 Level: debug :: set argument (url)=(https://vpn.uci.edu/CACHE/sdesktop/install/result.htm)
[Fri Apr 21 10:07:07.184 2023][libcsd]Function: csd_setarg Thread Id: 0x6BB3B000 File: /tmp/build/thehoff/Phoenix_MR40.705273986898/Phoenix_MR4/posture/asa/libcsd/csd_api.c Line: 680 Level: debug :: received arg: (user-pointer)
[Fri Apr 21 10:07:07.184 2023][libcsd]Function: csd_setarg Thread Id: 0x6BB3B000 File: /tmp/build/thehoff/Phoenix_MR40.705273986898/Phoenix_MR4/posture/asa/libcsd/csd_api.c Line: 680 Level: debug :: received arg: (state-callback)
[Fri Apr 21 10:07:07.184 2023][libcsd]Function: arg_set Thread Id: 0x6BB3B000 File: /tmp/build/thehoff/Phoenix_MR40.705273986898/Phoenix_MR4/posture/asa/libcsd/args.c Line: 98 Level: debug :: set argument (state-callback)=(1)
[Fri Apr 21 10:07:07.184 2023][libcsd]Function: csd_prelogin Thread Id: 0x6BB3B000 File: /tmp/build/thehoff/Phoenix_MR40.705273986898/Phoenix_MR4/posture/asa/libcsd/csd_api.c Line: 889 Level: debug :: libcsd prelogin started. 
[Fri Apr 21 10:07:07.184 2023][libcsd]Function: transport_init_hash Thread Id: 0x6BB3B000 File: /tmp/build/thehoff/Phoenix_MR40.705273986898/Phoenix_MR4/posture/asa/libcsd/csd_api.c Line: 800 Level: debug :: Provided (sha1) cert hash algorithm
[Fri Apr 21 10:07:07.184 2023][libcsd]Function: hs_transport_setcert Thread Id: 0x6BB3B000 File: /tmp/build/thehoff/Phoenix_MR40.705273986898/Phoenix_MR4/posture/common/libhstransport/hs_transport.c Line: 815 Level: trace :: init cert verify hash ... done
[Fri Apr 21 10:07:07.184 2023][libcsd]Function: asa_tok_ren_init Thread Id: 0x6BB3B000 File: /tmp/build/thehoff/Phoenix_MR40.705273986898/Phoenix_MR4/posture/asa/libasa/asa.c Line: 181 Level: debug :: cond init succeeded
[Fri Apr 21 10:07:07.184 2023][libcsd]Function: hs_transport_setpeer Thread Id: 0x6BB3B000 File: /tmp/build/thehoff/Phoenix_MR40.705273986898/Phoenix_MR4/posture/common/libhstransport/hs_transport.c Line: 1116 Level: trace :: setting peer
[Fri Apr 21 10:07:07.184 2023][libcsd]Function: hs_transport_setpeer Thread Id: 0x6BB3B000 File: /tmp/build/thehoff/Phoenix_MR40.705273986898/Phoenix_MR4/posture/common/libhstransport/hs_transport.c Line: 1148 Level: trace :: setting l2 peer: (https://128.200.205.245)
[Fri Apr 21 10:07:07.184 2023][libcsd]Function: hs_transport_curl_resolve_sni Thread Id: 0x6BB3B000 File: /tmp/build/thehoff/Phoenix_MR40.705273986898/Phoenix_MR4/posture/common/libhstransport/hs_transport_curl.c Line: 2328 Level: trace :: setting l2 peer: (128.200.205.245) and resolve : (vpn.uci.edu)
[Fri Apr 21 10:07:07.184 2023][libcsd]Function: hs_transport_curl_resolve_sni Thread Id: 0x6BB3B000 File: /tmp/build/thehoff/Phoenix_MR40.705273986898/Phoenix_MR4/posture/common/libhstransport/hs_transport_curl.c Line: 2333 Level: trace :: resolve list: (vpn.uci.edu:443:128.200.205.245)
[Fri Apr 21 10:07:07.184 2023][libcsd]Function: hs_transport_setpeer Thread Id: 0x6BB3B000 File: /tmp/build/thehoff/Phoenix_MR40.705273986898/Phoenix_MR4/posture/common/libhstransport/hs_transport.c Line: 1160 Level: trace :: setting peer done. peer = https://128.200.205.245, referrer = 
[Fri Apr 21 10:07:07.184 2023][libcsd]Function: hs_transport_setpeer Thread Id: 0x6BB3B000 File: /tmp/build/thehoff/Phoenix_MR40.705273986898/Phoenix_MR4/posture/common/libhstransport/hs_transport.c Line: 1172 Level: trace :: host changed
[Fri Apr 21 10:07:07.184 2023][libcsd]Function: hs_transport_detect_proxy Thread Id: 0x6BB3B000 File: /tmp/build/thehoff/Phoenix_MR40.705273986898/Phoenix_MR4/posture/common/libhstransport/hs_transport.c Line: 1065 Level: trace :: detecting proxy...
[Fri Apr 21 10:07:07.184 2023][libcsd]Function: hs_transport_curl_setproxy_none Thread Id: 0x6BB3B000 File: /tmp/build/thehoff/Phoenix_MR40.705273986898/Phoenix_MR4/posture/common/libhstransport/hs_transport_curl.c Line: 2519 Level: debug :: setting proxy to none
[Fri Apr 21 10:07:07.184 2023][libcsd]Function: hs_transport_detect_proxy Thread Id: 0x6BB3B000 File: /tmp/build/thehoff/Phoenix_MR40.705273986898/Phoenix_MR4/posture/common/libhstransport/hs_transport.c Line: 1072 Level: trace :: verifying proxy...
[Fri Apr 21 10:07:07.184 2023][libcsd]Function: hs_transport_probe Thread Id: 0x6BB3B000 File: /tmp/build/thehoff/Phoenix_MR40.705273986898/Phoenix_MR4/posture/common/libhstransport/hs_transport.c Line: 1406 Level: trace :: sending probe request
[Fri Apr 21 10:07:07.253 2023][libcsd]Function: ssl_fingerprint_verify_callback Thread Id: 0x6BB3B000 File: /tmp/build/thehoff/Phoenix_MR40.705273986898/Phoenix_MR4/posture/common/libhstransport/hs_transport_curl.c Line: 1957 Level: debug :: certinfo[SerialNumber=(ffffffffffffffff) IssuerCN=(InCommon RSA Server CA) subjectCN=(vpn.nacs.uci.edu)]
[Fri Apr 21 10:07:07.253 2023][libcsd]Function: ssl_fingerprint_verify_callback Thread Id: 0x6BB3B000 File: /tmp/build/thehoff/Phoenix_MR40.705273986898/Phoenix_MR4/posture/common/libhstransport/hs_transport_curl.c Line: 1967 Level: debug :: Using SHA1 hash algorithm.
[Fri Apr 21 10:07:07.253 2023][libcsd]Function: ssl_fingerprint_verify_callback Thread Id: 0x6BB3B000 File: /tmp/build/thehoff/Phoenix_MR40.705273986898/Phoenix_MR4/posture/common/libhstransport/hs_transport_curl.c Line: 2011 Level: debug :: Fingerprints match: Given(B61DDE719F72101224361668FE1A4DF944FF57C4) == Computed(B61DDE719F72101224361668FE1A4DF944FF57C4)
[Fri Apr 21 10:07:07.293 2023][libcsd]Function: process_response_headers Thread Id: 0x6BB3B000 File: /tmp/build/thehoff/Phoenix_MR40.705273986898/Phoenix_MR4/posture/common/libhstransport/hs_transport.c Line: 185 Level: trace :: processing http response headers
[Fri Apr 21 10:07:07.293 2023][libcsd]Function: process_response_headers Thread Id: 0x6BB3B000 File: /tmp/build/thehoff/Phoenix_MR40.705273986898/Phoenix_MR4/posture/common/libhstransport/hs_transport.c Line: 193 Level: trace :: getting http headers from l2
[Fri Apr 21 10:07:07.293 2023][libcsd]Function: process_response_headers Thread Id: 0x6BB3B000 File: /tmp/build/thehoff/Phoenix_MR40.705273986898/Phoenix_MR4/posture/common/libhstransport/hs_transport.c Line: 232 Level: trace :: getting http headers headers from l2 done
[Fri Apr 21 10:07:07.293 2023][libcsd]Function: parse_response_headers Thread Id: 0x6BB3B000 File: /tmp/build/thehoff/Phoenix_MR40.705273986898/Phoenix_MR4/posture/common/libhstransport/hs_transport.c Line: 124 Level: trace :: parsing http headers
[Fri Apr 21 10:07:07.293 2023][libcsd]Function: parse_response_headers Thread Id: 0x6BB3B000 File: /tmp/build/thehoff/Phoenix_MR40.705273986898/Phoenix_MR4/posture/common/libhstransport/hs_transport.c Line: 144 Level: trace :: Calling populate_http_headers_list
[Fri Apr 21 10:07:07.293 2023][libcsd]Function: parse_response_headers Thread Id: 0x6BB3B000 File: /tmp/build/thehoff/Phoenix_MR40.705273986898/Phoenix_MR4/posture/common/libhstransport/hs_transport.c Line: 158 Level: trace :: Calling dump_http_headers
[Fri Apr 21 10:07:07.293 2023][libcsd]Function: dump_http_headers Thread Id: 0x6BB3B000 File: /tmp/build/thehoff/Phoenix_MR40.705273986898/Phoenix_MR4/posture/common/libhstransport/hs_httpheader.c Line: 430 Level: debug :: --- Http Response Headers ---
[Fri Apr 21 10:07:07.293 2023][libcsd]Function: dump_http_headers Thread Id: 0x6BB3B000 File: /tmp/build/thehoff/Phoenix_MR40.705273986898/Phoenix_MR4/posture/common/libhstransport/hs_httpheader.c Line: 437 Level: debug :: HTTP-Version: 1.1
[Fri Apr 21 10:07:07.293 2023][libcsd]Function: dump_http_headers Thread Id: 0x6BB3B000 File: /tmp/build/thehoff/Phoenix_MR40.705273986898/Phoenix_MR4/posture/common/libhstransport/hs_httpheader.c Line: 437 Level: debug :: Status-Code: 404
[Fri Apr 21 10:07:07.293 2023][libcsd]Function: dump_http_headers Thread Id: 0x6BB3B000 File: /tmp/build/thehoff/Phoenix_MR40.705273986898/Phoenix_MR4/posture/common/libhstransport/hs_httpheader.c Line: 437 Level: debug :: Cache-Control: no-store
[Fri Apr 21 10:07:07.293 2023][libcsd]Function: dump_http_headers Thread Id: 0x6BB3B000 File: /tmp/build/thehoff/Phoenix_MR40.705273986898/Phoenix_MR4/posture/common/libhstransport/hs_httpheader.c Line: 437 Level: debug :: Pragma: no-cache
[Fri Apr 21 10:07:07.293 2023][libcsd]Function: dump_http_headers Thread Id: 0x6BB3B000 File: /tmp/build/thehoff/Phoenix_MR40.705273986898/Phoenix_MR4/posture/common/libhstransport/hs_httpheader.c Line: 437 Level: debug :: Connection: Close
[Fri Apr 21 10:07:07.293 2023][libcsd]Function: dump_http_headers Thread Id: 0x6BB3B000 File: /tmp/build/thehoff/Phoenix_MR40.705273986898/Phoenix_MR4/posture/common/libhstransport/hs_httpheader.c Line: 437 Level: debug :: Date: Fri, 21 Apr 2023 17:07:07 GMT
[Fri Apr 21 10:07:07.293 2023][libcsd]Function: dump_http_headers Thread Id: 0x6BB3B000 File: /tmp/build/thehoff/Phoenix_MR40.705273986898/Phoenix_MR4/posture/common/libhstransport/hs_httpheader.c Line: 437 Level: debug :: X-Frame-Options: SAMEORIGIN
[Fri Apr 21 10:07:07.293 2023][libcsd]Function: dump_http_headers Thread Id: 0x6BB3B000 File: /tmp/build/thehoff/Phoenix_MR40.705273986898/Phoenix_MR4/posture/common/libhstransport/hs_httpheader.c Line: 437 Level: debug :: Strict-Transport-Security: max-age=31536000; includeSubDomains
[Fri Apr 21 10:07:07.293 2023][libcsd]Function: dump_http_headers Thread Id: 0x6BB3B000 File: /tmp/build/thehoff/Phoenix_MR40.705273986898/Phoenix_MR4/posture/common/libhstransport/hs_httpheader.c Line: 437 Level: debug :: X-Content-Type-Options: nosniff
[Fri Apr 21 10:07:07.293 2023][libcsd]Function: dump_http_headers Thread Id: 0x6BB3B000 File: /tmp/build/thehoff/Phoenix_MR40.705273986898/Phoenix_MR4/posture/common/libhstransport/hs_httpheader.c Line: 437 Level: debug :: X-XSS-Protection: 1
[Fri Apr 21 10:07:07.293 2023][libcsd]Function: dump_http_headers Thread Id: 0x6BB3B000 File: /tmp/build/thehoff/Phoenix_MR40.705273986898/Phoenix_MR4/posture/common/libhstransport/hs_httpheader.c Line: 437 Level: debug :: Content-Security-Policy: default-src 'self' 'unsafe-inline' 'unsafe-eval' data: blob:; frame-ancestors 'self'
[Fri Apr 21 10:07:07.293 2023][libcsd]Function: dump_http_headers Thread Id: 0x6BB3B000 File: /tmp/build/thehoff/Phoenix_MR40.705273986898/Phoenix_MR4/posture/common/libhstransport/hs_httpheader.c Line: 442 Level: debug :: --------------------
[Fri Apr 21 10:07:07.293 2023][libcsd]Function: parse_response_headers Thread Id: 0x6BB3B000 File: /tmp/build/thehoff/Phoenix_MR40.705273986898/Phoenix_MR4/posture/common/libhstransport/hs_transport.c Line: 174 Level: trace :: parsing http headers done
[Fri Apr 21 10:07:07.293 2023][libcsd]Function: process_response_headers Thread Id: 0x6BB3B000 File: /tmp/build/thehoff/Phoenix_MR40.705273986898/Phoenix_MR4/posture/common/libhstransport/hs_transport.c Line: 250 Level: trace :: processing http response headers done
[Fri Apr 21 10:07:07.293 2023][libcsd]Function: hs_transport_probe Thread Id: 0x6BB3B000 File: /tmp/build/thehoff/Phoenix_MR40.705273986898/Phoenix_MR4/posture/common/libhstransport/hs_transport.c Line: 1428 Level: trace :: sending probe request done
[Fri Apr 21 10:07:07.293 2023][libcsd]Function: hs_transport_detect_proxy Thread Id: 0x6BB3B000 File: /tmp/build/thehoff/Phoenix_MR40.705273986898/Phoenix_MR4/posture/common/libhstransport/hs_transport.c Line: 1075 Level: trace :: verifying proxy... done.
[Fri Apr 21 10:07:07.293 2023][libcsd]Function: hs_transport_detect_proxy Thread Id: 0x6BB3B000 File: /tmp/build/thehoff/Phoenix_MR40.705273986898/Phoenix_MR4/posture/common/libhstransport/hs_transport.c Line: 1093 Level: trace :: detecting proxy... done.
[Fri Apr 21 10:07:07.293 2023][libcsd]Function: asa_get_token Thread Id: 0x6BB3B000 File: /tmp/build/thehoff/Phoenix_MR40.705273986898/Phoenix_MR4/posture/asa/libasa/asa.c Line: 393 Level: debug :: getting token data from url
[Fri Apr 21 10:07:07.293 2023][libcsd]Function: hs_transport_setredircount Thread Id: 0x6BB3B000 File: /tmp/build/thehoff/Phoenix_MR40.705273986898/Phoenix_MR4/posture/common/libhstransport/hs_transport.c Line: 1806 Level: trace :: setting redirects
[Fri Apr 21 10:07:07.293 2023][libcsd]Function: hs_transport_setredircount Thread Id: 0x6BB3B000 File: /tmp/build/thehoff/Phoenix_MR40.705273986898/Phoenix_MR4/posture/common/libhstransport/hs_transport.c Line: 1814 Level: trace :: setting redirects: (10)
[Fri Apr 21 10:07:07.293 2023][libcsd]Function: hs_transport_setredircount Thread Id: 0x6BB3B000 File: /tmp/build/thehoff/Phoenix_MR40.705273986898/Phoenix_MR4/posture/common/libhstransport/hs_transport.c Line: 1821 Level: trace :: setting redirects done
[Fri Apr 21 10:07:07.293 2023][libcsd]Function: hs_transport_get Thread Id: 0x6BB3B000 File: /tmp/build/thehoff/Phoenix_MR40.705273986898/Phoenix_MR4/posture/common/libhstransport/hs_transport.c Line: 1446 Level: trace :: sending get request
[Fri Apr 21 10:07:07.359 2023][libcsd]Function: process_response_headers Thread Id: 0x6BB3B000 File: /tmp/build/thehoff/Phoenix_MR40.705273986898/Phoenix_MR4/posture/common/libhstransport/hs_transport.c Line: 185 Level: trace :: processing http response headers
[Fri Apr 21 10:07:07.360 2023][libcsd]Function: process_response_headers Thread Id: 0x6BB3B000 File: /tmp/build/thehoff/Phoenix_MR40.705273986898/Phoenix_MR4/posture/common/libhstransport/hs_transport.c Line: 193 Level: trace :: getting http headers from l2
[Fri Apr 21 10:07:07.360 2023][libcsd]Function: process_response_headers Thread Id: 0x6BB3B000 File: /tmp/build/thehoff/Phoenix_MR40.705273986898/Phoenix_MR4/posture/common/libhstransport/hs_transport.c Line: 232 Level: trace :: getting http headers headers from l2 done
[Fri Apr 21 10:07:07.360 2023][libcsd]Function: parse_response_headers Thread Id: 0x6BB3B000 File: /tmp/build/thehoff/Phoenix_MR40.705273986898/Phoenix_MR4/posture/common/libhstransport/hs_transport.c Line: 124 Level: trace :: parsing http headers
[Fri Apr 21 10:07:07.360 2023][libcsd]Function: parse_response_headers Thread Id: 0x6BB3B000 File: /tmp/build/thehoff/Phoenix_MR40.705273986898/Phoenix_MR4/posture/common/libhstransport/hs_transport.c Line: 144 Level: trace :: Calling populate_http_headers_list
[Fri Apr 21 10:07:07.360 2023][libcsd]Function: parse_response_headers Thread Id: 0x6BB3B000 File: /tmp/build/thehoff/Phoenix_MR40.705273986898/Phoenix_MR4/posture/common/libhstransport/hs_transport.c Line: 158 Level: trace :: Calling dump_http_headers
[Fri Apr 21 10:07:07.360 2023][libcsd]Function: dump_http_headers Thread Id: 0x6BB3B000 File: /tmp/build/thehoff/Phoenix_MR40.705273986898/Phoenix_MR4/posture/common/libhstransport/hs_httpheader.c Line: 430 Level: debug :: --- Http Response Headers ---
[Fri Apr 21 10:07:07.360 2023][libcsd]Function: dump_http_headers Thread Id: 0x6BB3B000 File: /tmp/build/thehoff/Phoenix_MR40.705273986898/Phoenix_MR4/posture/common/libhstransport/hs_httpheader.c Line: 437 Level: debug :: HTTP-Version: 1.1
[Fri Apr 21 10:07:07.360 2023][libcsd]Function: dump_http_headers Thread Id: 0x6BB3B000 File: /tmp/build/thehoff/Phoenix_MR40.705273986898/Phoenix_MR4/posture/common/libhstransport/hs_httpheader.c Line: 437 Level: debug :: Status-Code: 200
[Fri Apr 21 10:07:07.360 2023][libcsd]Function: dump_http_headers Thread Id: 0x6BB3B000 File: /tmp/build/thehoff/Phoenix_MR40.705273986898/Phoenix_MR4/posture/common/libhstransport/hs_httpheader.c Line: 437 Level: debug :: Content-Type: text/xml; charset=utf-8
[Fri Apr 21 10:07:07.360 2023][libcsd]Function: dump_http_headers Thread Id: 0x6BB3B000 File: /tmp/build/thehoff/Phoenix_MR40.705273986898/Phoenix_MR4/posture/common/libhstransport/hs_httpheader.c Line: 437 Level: debug :: Transfer-Encoding: chunked
[Fri Apr 21 10:07:07.360 2023][libcsd]Function: dump_http_headers Thread Id: 0x6BB3B000 File: /tmp/build/thehoff/Phoenix_MR40.705273986898/Phoenix_MR4/posture/common/libhstransport/hs_httpheader.c Line: 437 Level: debug :: Cache-Control: no-store
[Fri Apr 21 10:07:07.360 2023][libcsd]Function: dump_http_headers Thread Id: 0x6BB3B000 File: /tmp/build/thehoff/Phoenix_MR40.705273986898/Phoenix_MR4/posture/common/libhstransport/hs_httpheader.c Line: 437 Level: debug :: Pragma: no-cache
[Fri Apr 21 10:07:07.360 2023][libcsd]Function: dump_http_headers Thread Id: 0x6BB3B000 File: /tmp/build/thehoff/Phoenix_MR40.705273986898/Phoenix_MR4/posture/common/libhstransport/hs_httpheader.c Line: 437 Level: debug :: Connection: Close
[Fri Apr 21 10:07:07.360 2023][libcsd]Function: dump_http_headers Thread Id: 0x6BB3B000 File: /tmp/build/thehoff/Phoenix_MR40.705273986898/Phoenix_MR4/posture/common/libhstransport/hs_httpheader.c Line: 437 Level: debug :: Date: Fri, 21 Apr 2023 17:07:07 GMT
[Fri Apr 21 10:07:07.360 2023][libcsd]Function: dump_http_headers Thread Id: 0x6BB3B000 File: /tmp/build/thehoff/Phoenix_MR40.705273986898/Phoenix_MR4/posture/common/libhstransport/hs_httpheader.c Line: 437 Level: debug :: X-Frame-Options: SAMEORIGIN
[Fri Apr 21 10:07:07.360 2023][libcsd]Function: dump_http_headers Thread Id: 0x6BB3B000 File: /tmp/build/thehoff/Phoenix_MR40.705273986898/Phoenix_MR4/posture/common/libhstransport/hs_httpheader.c Line: 437 Level: debug :: Strict-Transport-Security: max-age=31536000; includeSubDomains
[Fri Apr 21 10:07:07.360 2023][libcsd]Function: dump_http_headers Thread Id: 0x6BB3B000 File: /tmp/build/thehoff/Phoenix_MR40.705273986898/Phoenix_MR4/posture/common/libhstransport/hs_httpheader.c Line: 437 Level: debug :: X-Content-Type-Options: nosniff
[Fri Apr 21 10:07:07.360 2023][libcsd]Function: dump_http_headers Thread Id: 0x6BB3B000 File: /tmp/build/thehoff/Phoenix_MR40.705273986898/Phoenix_MR4/posture/common/libhstransport/hs_httpheader.c Line: 437 Level: debug :: X-XSS-Protection: 1
[Fri Apr 21 10:07:07.360 2023][libcsd]Function: dump_http_headers Thread Id: 0x6BB3B000 File: /tmp/build/thehoff/Phoenix_MR40.705273986898/Phoenix_MR4/posture/common/libhstransport/hs_httpheader.c Line: 437 Level: debug :: Content-Security-Policy: default-src 'self' 'unsafe-inline' 'unsafe-eval' data: blob:; frame-ancestors 'self'
[Fri Apr 21 10:07:07.360 2023][libcsd]Function: dump_http_headers Thread Id: 0x6BB3B000 File: /tmp/build/thehoff/Phoenix_MR40.705273986898/Phoenix_MR4/posture/common/libhstransport/hs_httpheader.c Line: 442 Level: debug :: --------------------
[Fri Apr 21 10:07:07.360 2023][libcsd]Function: parse_response_headers Thread Id: 0x6BB3B000 File: /tmp/build/thehoff/Phoenix_MR40.705273986898/Phoenix_MR4/posture/common/libhstransport/hs_transport.c Line: 174 Level: trace :: parsing http headers done
[Fri Apr 21 10:07:07.360 2023][libcsd]Function: process_response_headers Thread Id: 0x6BB3B000 File: /tmp/build/thehoff/Phoenix_MR40.705273986898/Phoenix_MR4/posture/common/libhstransport/hs_transport.c Line: 250 Level: trace :: processing http response headers done
[Fri Apr 21 10:07:07.360 2023][libcsd]Function: hs_transport_get Thread Id: 0x6BB3B000 File: /tmp/build/thehoff/Phoenix_MR40.705273986898/Phoenix_MR4/posture/common/libhstransport/hs_transport.c Line: 1516 Level: trace :: sending get request done
[Fri Apr 21 10:07:07.360 2023][libcsd]Function: hs_transport_get_data Thread Id: 0x6BB3B000 File: /tmp/build/thehoff/Phoenix_MR40.705273986898/Phoenix_MR4/posture/common/libhstransport/hs_transport.c Line: 1645 Level: trace :: getting data
[Fri Apr 21 10:07:07.360 2023][libcsd]Function: hs_transport_get_data Thread Id: 0x6BB3B000 File: /tmp/build/thehoff/Phoenix_MR40.705273986898/Phoenix_MR4/posture/common/libhstransport/hs_transport.c Line: 1661 Level: trace :: --- http data ---
todo 
[Fri Apr 21 10:07:07.360 2023][libcsd]Function: hs_transport_get_data Thread Id: 0x6BB3B000 File: /tmp/build/thehoff/Phoenix_MR40.705273986898/Phoenix_MR4/posture/common/libhstransport/hs_transport.c Line: 1665 Level: trace :: getting data done
[Fri Apr 21 10:07:07.360 2023][libcsd]Function: hs_transport_get_data Thread Id: 0x6BB3B000 File: /tmp/build/thehoff/Phoenix_MR40.705273986898/Phoenix_MR4/posture/common/libhstransport/hs_transport.c Line: 1645 Level: trace :: getting data
[Fri Apr 21 10:07:07.360 2023][libcsd]Function: hs_transport_get_data Thread Id: 0x6BB3B000 File: /tmp/build/thehoff/Phoenix_MR40.705273986898/Phoenix_MR4/posture/common/libhstransport/hs_transport.c Line: 1661 Level: trace :: --- http data ---
todo 
[Fri Apr 21 10:07:07.360 2023][libcsd]Function: hs_transport_get_data Thread Id: 0x6BB3B000 File: /tmp/build/thehoff/Phoenix_MR40.705273986898/Phoenix_MR4/posture/common/libhstransport/hs_transport.c Line: 1665 Level: trace :: getting data done
[Fri Apr 21 10:07:07.360 2023][libcsd]Function: asa_get_token Thread Id: 0x6BB3B000 File: /tmp/build/thehoff/Phoenix_MR40.705273986898/Phoenix_MR4/posture/asa/libasa/asa.c Line: 451 Level: debug :: got token
[Fri Apr 21 10:07:07.360 2023][libcsd]Function: hs_transport_setcookie Thread Id: 0x6BB3B000 File: /tmp/build/thehoff/Phoenix_MR40.705273986898/Phoenix_MR4/posture/common/libhstransport/hs_transport.c Line: 1293 Level: trace :: setting cookie
[Fri Apr 21 10:07:07.360 2023][libcsd]Function: hs_transport_setcookie Thread Id: 0x6BB3B000 File: /tmp/build/thehoff/Phoenix_MR40.705273986898/Phoenix_MR4/posture/common/libhstransport/hs_transport.c Line: 1298 Level: trace :: setting cookie...
[Fri Apr 21 10:07:07.360 2023][libcsd]Function: hs_transport_addheader Thread Id: 0x6BB3B000 File: /tmp/build/thehoff/Phoenix_MR40.705273986898/Phoenix_MR4/posture/common/libhstransport/hs_transport.c Line: 1254 Level: trace :: adding http header
[Fri Apr 21 10:07:07.360 2023][libcsd]Function: hs_transport_addheader Thread Id: 0x6BB3B000 File: /tmp/build/thehoff/Phoenix_MR40.705273986898/Phoenix_MR4/posture/common/libhstransport/hs_transport.c Line: 1277 Level: trace :: adding http header done
[Fri Apr 21 10:07:07.360 2023][libcsd]Function: hs_transport_setcookie Thread Id: 0x6BB3B000 File: /tmp/build/thehoff/Phoenix_MR40.705273986898/Phoenix_MR4/posture/common/libhstransport/hs_transport.c Line: 1304 Level: trace :: setting cookie done
[Fri Apr 21 10:07:07.360 2023][libcsd]Function: csd_prelogin Thread Id: 0x6BB3B000 File: /tmp/build/thehoff/Phoenix_MR40.705273986898/Phoenix_MR4/posture/asa/libcsd/csd_api.c Line: 938 Level: debug :: Calling asa begin token
[Fri Apr 21 10:07:07.360 2023][libcsd]Function: update_file Thread Id: 0x6BB3B000 File: /tmp/build/thehoff/Phoenix_MR40.705273986898/Phoenix_MR4/posture/asa/libupdate/update.c Line: 243 Level: debug :: updating file (/opt/cisco/hostscan/bin64/cscan)
[Fri Apr 21 10:07:07.360 2023][libcsd]Function: verify_file Thread Id: 0x6BB3B000 File: /tmp/build/thehoff/Phoenix_MR40.705273986898/Phoenix_MR4/posture/asa/libupdate/update.c Line: 139 Level: debug :: verifying file: /opt/cisco/hostscan/bin64/cscan
[Fri Apr 21 10:07:07.360 2023][libcsd]Function: hs_get_from_cache Thread Id: 0x6BB3B000 File: /tmp/build/thehoff/Phoenix_MR40.705273986898/Phoenix_MR4/posture/asa/libhscore/hs_cache.c Line: 95 Level: debug :: No cache for '0'
[Fri Apr 21 10:07:07.360 2023][libcsd]Function: hs_download_file_to_buffer_s Thread Id: 0x6BB3B000 File: /tmp/build/thehoff/Phoenix_MR40.705273986898/Phoenix_MR4/posture/common/libdownload/hs_download.c Line: 609 Level: debug :: attempting to download file: /CACHE/sdesktop/hostscan/darwin_x64_appid/manifest
[Fri Apr 21 10:07:07.360 2023][libcsd]Function: hs_transport_setpeer Thread Id: 0x6BB3B000 File: /tmp/build/thehoff/Phoenix_MR40.705273986898/Phoenix_MR4/posture/common/libhstransport/hs_transport.c Line: 1116 Level: trace :: setting peer
[Fri Apr 21 10:07:07.360 2023][libcsd]Function: hs_transport_setpeer Thread Id: 0x6BB3B000 File: /tmp/build/thehoff/Phoenix_MR40.705273986898/Phoenix_MR4/posture/common/libhstransport/hs_transport.c Line: 1148 Level: trace :: setting l2 peer: (https://128.200.205.245)
[Fri Apr 21 10:07:07.360 2023][libcsd]Function: hs_transport_curl_resolve_sni Thread Id: 0x6BB3B000 File: /tmp/build/thehoff/Phoenix_MR40.705273986898/Phoenix_MR4/posture/common/libhstransport/hs_transport_curl.c Line: 2328 Level: trace :: setting l2 peer: (128.200.205.245) and resolve : (vpn.uci.edu)
[Fri Apr 21 10:07:07.360 2023][libcsd]Function: hs_transport_curl_resolve_sni Thread Id: 0x6BB3B000 File: /tmp/build/thehoff/Phoenix_MR40.705273986898/Phoenix_MR4/posture/common/libhstransport/hs_transport_curl.c Line: 2333 Level: trace :: resolve list: (vpn.uci.edu:443:128.200.205.245)
[Fri Apr 21 10:07:07.360 2023][libcsd]Function: hs_transport_setpeer Thread Id: 0x6BB3B000 File: /tmp/build/thehoff/Phoenix_MR40.705273986898/Phoenix_MR4/posture/common/libhstransport/hs_transport.c Line: 1160 Level: trace :: setting peer done. peer = https://128.200.205.245, referrer = https://128.200.205.245
[Fri Apr 21 10:07:07.360 2023][libcsd]Function: hs_transport_setredircount Thread Id: 0x6BB3B000 File: /tmp/build/thehoff/Phoenix_MR40.705273986898/Phoenix_MR4/posture/common/libhstransport/hs_transport.c Line: 1806 Level: trace :: setting redirects
[Fri Apr 21 10:07:07.360 2023][libcsd]Function: hs_transport_setredircount Thread Id: 0x6BB3B000 File: /tmp/build/thehoff/Phoenix_MR40.705273986898/Phoenix_MR4/posture/common/libhstransport/hs_transport.c Line: 1814 Level: trace :: setting redirects: (10)
[Fri Apr 21 10:07:07.360 2023][libcsd]Function: hs_transport_setredircount Thread Id: 0x6BB3B000 File: /tmp/build/thehoff/Phoenix_MR40.705273986898/Phoenix_MR4/posture/common/libhstransport/hs_transport.c Line: 1821 Level: trace :: setting redirects done
[Fri Apr 21 10:07:07.360 2023][libcsd]Function: hs_transport_get Thread Id: 0x6BB3B000 File: /tmp/build/thehoff/Phoenix_MR40.705273986898/Phoenix_MR4/posture/common/libhstransport/hs_transport.c Line: 1446 Level: trace :: sending get request
[Fri Apr 21 10:07:07.427 2023][libcsd]Function: process_response_headers Thread Id: 0x6BB3B000 File: /tmp/build/thehoff/Phoenix_MR40.705273986898/Phoenix_MR4/posture/common/libhstransport/hs_transport.c Line: 185 Level: trace :: processing http response headers
[Fri Apr 21 10:07:07.427 2023][libcsd]Function: process_response_headers Thread Id: 0x6BB3B000 File: /tmp/build/thehoff/Phoenix_MR40.705273986898/Phoenix_MR4/posture/common/libhstransport/hs_transport.c Line: 193 Level: trace :: getting http headers from l2
[Fri Apr 21 10:07:07.427 2023][libcsd]Function: process_response_headers Thread Id: 0x6BB3B000 File: /tmp/build/thehoff/Phoenix_MR40.705273986898/Phoenix_MR4/posture/common/libhstransport/hs_transport.c Line: 232 Level: trace :: getting http headers headers from l2 done
[Fri Apr 21 10:07:07.427 2023][libcsd]Function: parse_response_headers Thread Id: 0x6BB3B000 File: /tmp/build/thehoff/Phoenix_MR40.705273986898/Phoenix_MR4/posture/common/libhstransport/hs_transport.c Line: 124 Level: trace :: parsing http headers
[Fri Apr 21 10:07:07.427 2023][libcsd]Function: parse_response_headers Thread Id: 0x6BB3B000 File: /tmp/build/thehoff/Phoenix_MR40.705273986898/Phoenix_MR4/posture/common/libhstransport/hs_transport.c Line: 144 Level: trace :: Calling populate_http_headers_list
[Fri Apr 21 10:07:07.427 2023][libcsd]Function: parse_response_headers Thread Id: 0x6BB3B000 File: /tmp/build/thehoff/Phoenix_MR40.705273986898/Phoenix_MR4/posture/common/libhstransport/hs_transport.c Line: 158 Level: trace :: Calling dump_http_headers
[Fri Apr 21 10:07:07.427 2023][libcsd]Function: dump_http_headers Thread Id: 0x6BB3B000 File: /tmp/build/thehoff/Phoenix_MR40.705273986898/Phoenix_MR4/posture/common/libhstransport/hs_httpheader.c Line: 430 Level: debug :: --- Http Response Headers ---
[Fri Apr 21 10:07:07.427 2023][libcsd]Function: dump_http_headers Thread Id: 0x6BB3B000 File: /tmp/build/thehoff/Phoenix_MR40.705273986898/Phoenix_MR4/posture/common/libhstransport/hs_httpheader.c Line: 437 Level: debug :: HTTP-Version: 1.1
[Fri Apr 21 10:07:07.427 2023][libcsd]Function: dump_http_headers Thread Id: 0x6BB3B000 File: /tmp/build/thehoff/Phoenix_MR40.705273986898/Phoenix_MR4/posture/common/libhstransport/hs_httpheader.c Line: 437 Level: debug :: Status-Code: 200
[Fri Apr 21 10:07:07.427 2023][libcsd]Function: dump_http_headers Thread Id: 0x6BB3B000 File: /tmp/build/thehoff/Phoenix_MR40.705273986898/Phoenix_MR4/posture/common/libhstransport/hs_httpheader.c Line: 437 Level: debug :: Content-Length: 667
[Fri Apr 21 10:07:07.427 2023][libcsd]Function: dump_http_headers Thread Id: 0x6BB3B000 File: /tmp/build/thehoff/Phoenix_MR40.705273986898/Phoenix_MR4/posture/common/libhstransport/hs_httpheader.c Line: 437 Level: debug :: Cache-Control: max-age=6000
[Fri Apr 21 10:07:07.427 2023][libcsd]Function: dump_http_headers Thread Id: 0x6BB3B000 File: /tmp/build/thehoff/Phoenix_MR40.705273986898/Phoenix_MR4/posture/common/libhstransport/hs_httpheader.c Line: 437 Level: debug :: Connection: Keep-Alive
[Fri Apr 21 10:07:07.427 2023][libcsd]Function: dump_http_headers Thread Id: 0x6BB3B000 File: /tmp/build/thehoff/Phoenix_MR40.705273986898/Phoenix_MR4/posture/common/libhstransport/hs_httpheader.c Line: 437 Level: debug :: Date: Fri, 21 Apr 2023 17:07:07 GMT
[Fri Apr 21 10:07:07.427 2023][libcsd]Function: dump_http_headers Thread Id: 0x6BB3B000 File: /tmp/build/thehoff/Phoenix_MR40.705273986898/Phoenix_MR4/posture/common/libhstransport/hs_httpheader.c Line: 437 Level: debug :: X-Frame-Options: SAMEORIGIN
[Fri Apr 21 10:07:07.427 2023][libcsd]Function: dump_http_headers Thread Id: 0x6BB3B000 File: /tmp/build/thehoff/Phoenix_MR40.705273986898/Phoenix_MR4/posture/common/libhstransport/hs_httpheader.c Line: 437 Level: debug :: Strict-Transport-Security: max-age=31536000; includeSubDomains
[Fri Apr 21 10:07:07.427 2023][libcsd]Function: dump_http_headers Thread Id: 0x6BB3B000 File: /tmp/build/thehoff/Phoenix_MR40.705273986898/Phoenix_MR4/posture/common/libhstransport/hs_httpheader.c Line: 437 Level: debug :: X-Content-Type-Options: nosniff
[Fri Apr 21 10:07:07.427 2023][libcsd]Function: dump_http_headers Thread Id: 0x6BB3B000 File: /tmp/build/thehoff/Phoenix_MR40.705273986898/Phoenix_MR4/posture/common/libhstransport/hs_httpheader.c Line: 437 Level: debug :: X-XSS-Protection: 1
[Fri Apr 21 10:07:07.427 2023][libcsd]Function: dump_http_headers Thread Id: 0x6BB3B000 File: /tmp/build/thehoff/Phoenix_MR40.705273986898/Phoenix_MR4/posture/common/libhstransport/hs_httpheader.c Line: 437 Level: debug :: Content-Security-Policy: default-src 'self' 'unsafe-inline' 'unsafe-eval' data: blob:; frame-ancestors 'self'
[Fri Apr 21 10:07:07.427 2023][libcsd]Function: dump_http_headers Thread Id: 0x6BB3B000 File: /tmp/build/thehoff/Phoenix_MR40.705273986898/Phoenix_MR4/posture/common/libhstransport/hs_httpheader.c Line: 442 Level: debug :: --------------------
[Fri Apr 21 10:07:07.427 2023][libcsd]Function: parse_response_headers Thread Id: 0x6BB3B000 File: /tmp/build/thehoff/Phoenix_MR40.705273986898/Phoenix_MR4/posture/common/libhstransport/hs_transport.c Line: 174 Level: trace :: parsing http headers done
[Fri Apr 21 10:07:07.427 2023][libcsd]Function: process_response_headers Thread Id: 0x6BB3B000 File: /tmp/build/thehoff/Phoenix_MR40.705273986898/Phoenix_MR4/posture/common/libhstransport/hs_transport.c Line: 250 Level: trace :: processing http response headers done
[Fri Apr 21 10:07:07.427 2023][libcsd]Function: hs_transport_get Thread Id: 0x6BB3B000 File: /tmp/build/thehoff/Phoenix_MR40.705273986898/Phoenix_MR4/posture/common/libhstransport/hs_transport.c Line: 1516 Level: trace :: sending get request done
[Fri Apr 21 10:07:07.427 2023][libcsd]Function: hs_transport_get_data Thread Id: 0x6BB3B000 File: /tmp/build/thehoff/Phoenix_MR40.705273986898/Phoenix_MR4/posture/common/libhstransport/hs_transport.c Line: 1645 Level: trace :: getting data
[Fri Apr 21 10:07:07.427 2023][libcsd]Function: hs_transport_get_data Thread Id: 0x6BB3B000 File: /tmp/build/thehoff/Phoenix_MR40.705273986898/Phoenix_MR4/posture/common/libhstransport/hs_transport.c Line: 1661 Level: trace :: --- http data ---
todo 
[Fri Apr 21 10:07:07.427 2023][libcsd]Function: hs_transport_get_data Thread Id: 0x6BB3B000 File: /tmp/build/thehoff/Phoenix_MR40.705273986898/Phoenix_MR4/posture/common/libhstransport/hs_transport.c Line: 1665 Level: trace :: getting data done
[Fri Apr 21 10:07:07.427 2023][libcsd]Function: hs_transport_get_data Thread Id: 0x6BB3B000 File: /tmp/build/thehoff/Phoenix_MR40.705273986898/Phoenix_MR4/posture/common/libhstransport/hs_transport.c Line: 1645 Level: trace :: getting data
[Fri Apr 21 10:07:07.427 2023][libcsd]Function: hs_transport_get_data Thread Id: 0x6BB3B000 File: /tmp/build/thehoff/Phoenix_MR40.705273986898/Phoenix_MR4/posture/common/libhstransport/hs_transport.c Line: 1661 Level: trace :: --- http data ---
todo 
[Fri Apr 21 10:07:07.427 2023][libcsd]Function: hs_transport_get_data Thread Id: 0x6BB3B000 File: /tmp/build/thehoff/Phoenix_MR40.705273986898/Phoenix_MR4/posture/common/libhstransport/hs_transport.c Line: 1665 Level: trace :: getting data done
[Fri Apr 21 10:07:07.427 2023][libcsd]Function: hs_download_file_to_buffer_s Thread Id: 0x6BB3B000 File: /tmp/build/thehoff/Phoenix_MR40.705273986898/Phoenix_MR4/posture/common/libdownload/hs_download.c Line: 647 Level: debug :: downloaded file: /CACHE/sdesktop/hostscan/darwin_x64_appid/manifest (667 bytes)
[Fri Apr 21 10:07:07.427 2023][libcsd]Function: hs_add_to_cache Thread Id: 0x6BB3B000 File: /tmp/build/thehoff/Phoenix_MR40.705273986898/Phoenix_MR4/posture/asa/libhscore/hs_cache.c Line: 76 Level: debug :: Setting cache for '0'
[Fri Apr 21 10:07:07.427 2023][libcsd]Function: download_manifest Thread Id: 0x6BB3B000 File: /tmp/build/thehoff/Phoenix_MR40.705273986898/Phoenix_MR4/posture/asa/libupdate/update.c Line: 96 Level: debug :: manifest data downloaded: /CACHE/sdesktop/hostscan/darwin_x64_appid/manifest
[Fri Apr 21 10:07:07.456 2023][libcsd]Function: verify_file Thread Id: 0x6BB3B000 File: /tmp/build/thehoff/Phoenix_MR40.705273986898/Phoenix_MR4/posture/asa/libupdate/update.c Line: 185 Level: debug :: MD5 not found in manifest: eade1b233e987c6ce0a4c4ee3d940531
[Fri Apr 21 10:07:07.456 2023][libcsd]Function: hs_transport_uriencode Thread Id: 0x6BB3B000 File: /tmp/build/thehoff/Phoenix_MR40.705273986898/Phoenix_MR4/posture/common/libhstransport/hs_transport.c Line: 1320 Level: trace :: uri-encoding string
[Fri Apr 21 10:07:07.456 2023][libcsd]Function: hs_transport_uriencode Thread Id: 0x6BB3B000 File: /tmp/build/thehoff/Phoenix_MR40.705273986898/Phoenix_MR4/posture/common/libhstransport/hs_transport.c Line: 1340 Level: trace :: unencoded: (cscan.gz)
[Fri Apr 21 10:07:07.456 2023][libcsd]Function: hs_transport_uriencode Thread Id: 0x6BB3B000 File: /tmp/build/thehoff/Phoenix_MR40.705273986898/Phoenix_MR4/posture/common/libhstransport/hs_transport.c Line: 1346 Level: trace :: uri-encoding string done
[Fri Apr 21 10:07:07.456 2023][libcsd]Function: hs_transport_uriencode Thread Id: 0x6BB3B000 File: /tmp/build/thehoff/Phoenix_MR40.705273986898/Phoenix_MR4/posture/common/libhstransport/hs_transport.c Line: 1347 Level: trace :: encoded: (cscan.gz)
[Fri Apr 21 10:07:07.456 2023][libcsd]Function: update_file Thread Id: 0x6BB3B000 File: /tmp/build/thehoff/Phoenix_MR40.705273986898/Phoenix_MR4/posture/asa/libupdate/update.c Line: 299 Level: debug :: downloading to (/Users/mananshah/.cisco/hostscan/bin64/cscan.gz) and upacking to (/Users/mananshah/.cisco/hostscan/bin64/cscan)
[Fri Apr 21 10:07:07.456 2023][libcsd]Function: hs_download_file_s Thread Id: 0x6BB3B000 File: /tmp/build/thehoff/Phoenix_MR40.705273986898/Phoenix_MR4/posture/common/libdownload/hs_download.c Line: 502 Level: debug :: attempting to download file: /CACHE/sdesktop/hostscan/darwin_x64_appid/cscan.gz
[Fri Apr 21 10:07:07.456 2023][libcsd]Function: hs_transport_setpeer Thread Id: 0x6BB3B000 File: /tmp/build/thehoff/Phoenix_MR40.705273986898/Phoenix_MR4/posture/common/libhstransport/hs_transport.c Line: 1116 Level: trace :: setting peer
[Fri Apr 21 10:07:07.456 2023][libcsd]Function: hs_transport_setpeer Thread Id: 0x6BB3B000 File: /tmp/build/thehoff/Phoenix_MR40.705273986898/Phoenix_MR4/posture/common/libhstransport/hs_transport.c Line: 1148 Level: trace :: setting l2 peer: (https://128.200.205.245)
[Fri Apr 21 10:07:07.456 2023][libcsd]Function: hs_transport_curl_resolve_sni Thread Id: 0x6BB3B000 File: /tmp/build/thehoff/Phoenix_MR40.705273986898/Phoenix_MR4/posture/common/libhstransport/hs_transport_curl.c Line: 2328 Level: trace :: setting l2 peer: (128.200.205.245) and resolve : (vpn.uci.edu)
[Fri Apr 21 10:07:07.456 2023][libcsd]Function: hs_transport_curl_resolve_sni Thread Id: 0x6BB3B000 File: /tmp/build/thehoff/Phoenix_MR40.705273986898/Phoenix_MR4/posture/common/libhstransport/hs_transport_curl.c Line: 2333 Level: trace :: resolve list: (vpn.uci.edu:443:128.200.205.245)
[Fri Apr 21 10:07:07.456 2023][libcsd]Function: hs_transport_setpeer Thread Id: 0x6BB3B000 File: /tmp/build/thehoff/Phoenix_MR40.705273986898/Phoenix_MR4/posture/common/libhstransport/hs_transport.c Line: 1160 Level: trace :: setting peer done. peer = https://128.200.205.245, referrer = https://128.200.205.245
[Fri Apr 21 10:07:07.456 2023][libcsd]Function: hs_transport_setredircount Thread Id: 0x6BB3B000 File: /tmp/build/thehoff/Phoenix_MR40.705273986898/Phoenix_MR4/posture/common/libhstransport/hs_transport.c Line: 1806 Level: trace :: setting redirects
[Fri Apr 21 10:07:07.456 2023][libcsd]Function: hs_transport_setredircount Thread Id: 0x6BB3B000 File: /tmp/build/thehoff/Phoenix_MR40.705273986898/Phoenix_MR4/posture/common/libhstransport/hs_transport.c Line: 1814 Level: trace :: setting redirects: (10)
[Fri Apr 21 10:07:07.456 2023][libcsd]Function: hs_transport_setredircount Thread Id: 0x6BB3B000 File: /tmp/build/thehoff/Phoenix_MR40.705273986898/Phoenix_MR4/posture/common/libhstransport/hs_transport.c Line: 1821 Level: trace :: setting redirects done
[Fri Apr 21 10:07:07.456 2023][libcsd]Function: hs_transport_get Thread Id: 0x6BB3B000 File: /tmp/build/thehoff/Phoenix_MR40.705273986898/Phoenix_MR4/posture/common/libhstransport/hs_transport.c Line: 1446 Level: trace :: sending get request
[Fri Apr 21 10:07:09.227 2023][libcsd]Function: process_response_headers Thread Id: 0x6BB3B000 File: /tmp/build/thehoff/Phoenix_MR40.705273986898/Phoenix_MR4/posture/common/libhstransport/hs_transport.c Line: 185 Level: trace :: processing http response headers
[Fri Apr 21 10:07:09.227 2023][libcsd]Function: process_response_headers Thread Id: 0x6BB3B000 File: /tmp/build/thehoff/Phoenix_MR40.705273986898/Phoenix_MR4/posture/common/libhstransport/hs_transport.c Line: 193 Level: trace :: getting http headers from l2
[Fri Apr 21 10:07:09.227 2023][libcsd]Function: process_response_headers Thread Id: 0x6BB3B000 File: /tmp/build/thehoff/Phoenix_MR40.705273986898/Phoenix_MR4/posture/common/libhstransport/hs_transport.c Line: 232 Level: trace :: getting http headers headers from l2 done
[Fri Apr 21 10:07:09.227 2023][libcsd]Function: parse_response_headers Thread Id: 0x6BB3B000 File: /tmp/build/thehoff/Phoenix_MR40.705273986898/Phoenix_MR4/posture/common/libhstransport/hs_transport.c Line: 124 Level: trace :: parsing http headers
[Fri Apr 21 10:07:09.227 2023][libcsd]Function: parse_response_headers Thread Id: 0x6BB3B000 File: /tmp/build/thehoff/Phoenix_MR40.705273986898/Phoenix_MR4/posture/common/libhstransport/hs_transport.c Line: 144 Level: trace :: Calling populate_http_headers_list
[Fri Apr 21 10:07:09.227 2023][libcsd]Function: parse_response_headers Thread Id: 0x6BB3B000 File: /tmp/build/thehoff/Phoenix_MR40.705273986898/Phoenix_MR4/posture/common/libhstransport/hs_transport.c Line: 158 Level: trace :: Calling dump_http_headers
[Fri Apr 21 10:07:09.227 2023][libcsd]Function: dump_http_headers Thread Id: 0x6BB3B000 File: /tmp/build/thehoff/Phoenix_MR40.705273986898/Phoenix_MR4/posture/common/libhstransport/hs_httpheader.c Line: 430 Level: debug :: --- Http Response Headers ---
[Fri Apr 21 10:07:09.227 2023][libcsd]Function: dump_http_headers Thread Id: 0x6BB3B000 File: /tmp/build/thehoff/Phoenix_MR40.705273986898/Phoenix_MR4/posture/common/libhstransport/hs_httpheader.c Line: 437 Level: debug :: HTTP-Version: 1.1
[Fri Apr 21 10:07:09.227 2023][libcsd]Function: dump_http_headers Thread Id: 0x6BB3B000 File: /tmp/build/thehoff/Phoenix_MR40.705273986898/Phoenix_MR4/posture/common/libhstransport/hs_httpheader.c Line: 437 Level: debug :: Status-Code: 200
[Fri Apr 21 10:07:09.227 2023][libcsd]Function: dump_http_headers Thread Id: 0x6BB3B000 File: /tmp/build/thehoff/Phoenix_MR40.705273986898/Phoenix_MR4/posture/common/libhstransport/hs_httpheader.c Line: 437 Level: debug :: Content-Length: 2654048
[Fri Apr 21 10:07:09.227 2023][libcsd]Function: dump_http_headers Thread Id: 0x6BB3B000 File: /tmp/build/thehoff/Phoenix_MR40.705273986898/Phoenix_MR4/posture/common/libhstransport/hs_httpheader.c Line: 437 Level: debug :: Cache-Control: max-age=6000
[Fri Apr 21 10:07:09.227 2023][libcsd]Function: dump_http_headers Thread Id: 0x6BB3B000 File: /tmp/build/thehoff/Phoenix_MR40.705273986898/Phoenix_MR4/posture/common/libhstransport/hs_httpheader.c Line: 437 Level: debug :: Connection: Keep-Alive
[Fri Apr 21 10:07:09.227 2023][libcsd]Function: dump_http_headers Thread Id: 0x6BB3B000 File: /tmp/build/thehoff/Phoenix_MR40.705273986898/Phoenix_MR4/posture/common/libhstransport/hs_httpheader.c Line: 437 Level: debug :: Date: Fri, 21 Apr 2023 17:07:07 GMT
[Fri Apr 21 10:07:09.227 2023][libcsd]Function: dump_http_headers Thread Id: 0x6BB3B000 File: /tmp/build/thehoff/Phoenix_MR40.705273986898/Phoenix_MR4/posture/common/libhstransport/hs_httpheader.c Line: 437 Level: debug :: X-Frame-Options: SAMEORIGIN
[Fri Apr 21 10:07:09.227 2023][libcsd]Function: dump_http_headers Thread Id: 0x6BB3B000 File: /tmp/build/thehoff/Phoenix_MR40.705273986898/Phoenix_MR4/posture/common/libhstransport/hs_httpheader.c Line: 437 Level: debug :: Strict-Transport-Security: max-age=31536000; includeSubDomains
[Fri Apr 21 10:07:09.227 2023][libcsd]Function: dump_http_headers Thread Id: 0x6BB3B000 File: /tmp/build/thehoff/Phoenix_MR40.705273986898/Phoenix_MR4/posture/common/libhstransport/hs_httpheader.c Line: 437 Level: debug :: X-Content-Type-Options: nosniff
[Fri Apr 21 10:07:09.227 2023][libcsd]Function: dump_http_headers Thread Id: 0x6BB3B000 File: /tmp/build/thehoff/Phoenix_MR40.705273986898/Phoenix_MR4/posture/common/libhstransport/hs_httpheader.c Line: 437 Level: debug :: X-XSS-Protection: 1
[Fri Apr 21 10:07:09.227 2023][libcsd]Function: dump_http_headers Thread Id: 0x6BB3B000 File: /tmp/build/thehoff/Phoenix_MR40.705273986898/Phoenix_MR4/posture/common/libhstransport/hs_httpheader.c Line: 437 Level: debug :: Content-Security-Policy: default-src 'self' 'unsafe-inline' 'unsafe-eval' data: blob:; frame-ancestors 'self'
[Fri Apr 21 10:07:09.227 2023][libcsd]Function: dump_http_headers Thread Id: 0x6BB3B000 File: /tmp/build/thehoff/Phoenix_MR40.705273986898/Phoenix_MR4/posture/common/libhstransport/hs_httpheader.c Line: 442 Level: debug :: --------------------
[Fri Apr 21 10:07:09.227 2023][libcsd]Function: parse_response_headers Thread Id: 0x6BB3B000 File: /tmp/build/thehoff/Phoenix_MR40.705273986898/Phoenix_MR4/posture/common/libhstransport/hs_transport.c Line: 174 Level: trace :: parsing http headers done
[Fri Apr 21 10:07:09.227 2023][libcsd]Function: process_response_headers Thread Id: 0x6BB3B000 File: /tmp/build/thehoff/Phoenix_MR40.705273986898/Phoenix_MR4/posture/common/libhstransport/hs_transport.c Line: 250 Level: trace :: processing http response headers done
[Fri Apr 21 10:07:09.227 2023][libcsd]Function: hs_transport_get Thread Id: 0x6BB3B000 File: /tmp/build/thehoff/Phoenix_MR40.705273986898/Phoenix_MR4/posture/common/libhstransport/hs_transport.c Line: 1516 Level: trace :: sending get request done
[Fri Apr 21 10:07:09.227 2023][libcsd]Function: hs_transport_get_data_to_file Thread Id: 0x6BB3B000 File: /tmp/build/thehoff/Phoenix_MR40.705273986898/Phoenix_MR4/posture/common/libhstransport/hs_transport.c Line: 1681 Level: trace :: getting data to file
[Fri Apr 21 10:07:09.242 2023][libcsd]Function: hs_transport_get_data_to_file Thread Id: 0x6BB3B000 File: /tmp/build/thehoff/Phoenix_MR40.705273986898/Phoenix_MR4/posture/common/libhstransport/hs_transport.c Line: 1699 Level: trace :: getting data to file done
[Fri Apr 21 10:07:09.242 2023][libcsd]Function: hs_download_file_s Thread Id: 0x6BB3B000 File: /tmp/build/thehoff/Phoenix_MR40.705273986898/Phoenix_MR4/posture/common/libdownload/hs_download.c Line: 538 Level: debug :: downloaded file: /Users/mananshah/.cisco/hostscan/bin64/cscan.gz
[Fri Apr 21 10:07:09.283 2023][libcsd]Function: hs_download_file_s Thread Id: 0x6BB3B000 File: /tmp/build/thehoff/Phoenix_MR40.705273986898/Phoenix_MR4/posture/common/libdownload/hs_download.c Line: 547 Level: debug :: decompressed: /Users/mananshah/.cisco/hostscan/bin64/cscan.gz
[Fri Apr 21 10:07:09.284 2023][libcsd]Function: update_file Thread Id: 0x6BB3B000 File: /tmp/build/thehoff/Phoenix_MR40.705273986898/Phoenix_MR4/posture/asa/libupdate/update.c Line: 357 Level: debug :: now installing (/Users/mananshah/.cisco/hostscan/bin64/cscan) to (/opt/cisco/hostscan/bin64/cscan)
[Fri Apr 21 10:07:09.883 2023][libcsd]Function: priv_perform Thread Id: 0x6BB3B000 File: /tmp/build/thehoff/Phoenix_MR40.705273986898/Phoenix_MR4/posture/asa/libpriv/libpriv.c Line: 126 Level: debug :: received response msg.
[Fri Apr 21 10:07:09.883 2023][libcsd]Function: hs_priv_file_copy Thread Id: 0x6BB3B000 File: /tmp/build/thehoff/Phoenix_MR40.705273986898/Phoenix_MR4/posture/asa/libpriv/libpriv.c Line: 232 Level: debug :: priv_file_copy success.
[Fri Apr 21 10:07:09.883 2023][libcsd]Function: priv_perform Thread Id: 0x6BB3B000 File: /tmp/build/thehoff/Phoenix_MR40.705273986898/Phoenix_MR4/posture/asa/libpriv/libpriv.c Line: 126 Level: debug :: received response msg.
[Fri Apr 21 10:07:09.883 2023][libcsd]Function: hs_priv_file_make_executable Thread Id: 0x6BB3B000 File: /tmp/build/thehoff/Phoenix_MR40.705273986898/Phoenix_MR4/posture/asa/libpriv/libpriv.c Line: 320 Level: debug :: priv_file_make_executable success.
[Fri Apr 21 10:07:09.883 2023][libcsd]Function: verify_file Thread Id: 0x6BB3B000 File: /tmp/build/thehoff/Phoenix_MR40.705273986898/Phoenix_MR4/posture/asa/libupdate/update.c Line: 139 Level: debug :: verifying file: /opt/cisco/hostscan/bin64/cscan
[Fri Apr 21 10:07:09.911 2023][libcsd]Function: verify_file Thread Id: 0x6BB3B000 File: /tmp/build/thehoff/Phoenix_MR40.705273986898/Phoenix_MR4/posture/asa/libupdate/update.c Line: 189 Level: debug :: file has been verified: (/opt/cisco/hostscan/bin64/cscan)
[Fri Apr 21 10:07:09.911 2023][libcsd]Function: arg_set Thread Id: 0x6BB3B000 File: /tmp/build/thehoff/Phoenix_MR40.705273986898/Phoenix_MR4/posture/asa/libcsd/args.c Line: 98 Level: debug :: set argument (host)=(https://128.200.205.245)
[Fri Apr 21 10:07:09.911 2023][libcsd]Function: asa_is_token_renewal_running Thread Id: 0x6BB3B000 File: /tmp/build/thehoff/Phoenix_MR40.705273986898/Phoenix_MR4/posture/asa/libasa/asa.c Line: 1032 Level: debug :: Token renewal running
[Fri Apr 21 10:07:09.911 2023][libcsd]Function: asa_end_token_renewal Thread Id: 0x6BB3B000 File: /tmp/build/thehoff/Phoenix_MR40.705273986898/Phoenix_MR4/posture/asa/libasa/asa.c Line: 1084 Level: debug :: Delivering signal
[Fri Apr 21 10:07:09.911 2023][libcsd]Function: asa_end_token_renewal Thread Id: 0x6BB3B000 File: /tmp/build/thehoff/Phoenix_MR40.705273986898/Phoenix_MR4/posture/asa/libasa/asa.c Line: 1094 Level: debug :: Waiting for thread to complete
[Fri Apr 21 10:07:09.911 2023][libcsd]Function: hs_thread_cond_wait_and_call Thread Id: 0x6BF0F000 File: /tmp/build/thehoff/Phoenix_MR40.705273986898/Phoenix_MR4/posture/common/libcommon/hs_thread.c Line: 588 Level: debug :: Received signal to exit thread
[Fri Apr 21 10:07:09.911 2023][libcsd]Function: asa_end_token_renewal Thread Id: 0x6BB3B000 File: /tmp/build/thehoff/Phoenix_MR40.705273986898/Phoenix_MR4/posture/asa/libasa/asa.c Line: 1096 Level: debug :: Thread completed
[Fri Apr 21 10:07:09.911 2023][libcsd]Function: libcsd_ipc_init_server Thread Id: 0x6BB3B000 File: /tmp/build/thehoff/Phoenix_MR40.705273986898/Phoenix_MR4/posture/asa/libcsd/libcsd_ipc.c Line: 186 Level: debug :: libcsd server is listening on (127.0.0.1:60808)
[Fri Apr 21 10:07:09.911 2023][libcsd]Function: hs_file_verify_with_killdate Thread Id: 0x6BB3B000 File: /tmp/build/thehoff/Phoenix_MR40.705273986898/Phoenix_MR4/posture/common/libcommon/hs_file_verify_mac.c Line: 814 Level: debug :: verifying file signature: file = [/opt/cisco/hostscan/bin64/cscan], signer = [DE8Y96K9QP], type = [1]
[Fri Apr 21 10:07:09.924 2023][libcsd]Function: hs_launch_process_return_pid Thread Id: 0x6BB3B000 File: /tmp/build/thehoff/Phoenix_MR40.705273986898/Phoenix_MR4/posture/common/libcommon/hs_process.c Line: 887 Level: debug :: launching executable (/opt/cisco/hostscan/bin64/cscan)
[Fri Apr 21 10:07:10.058 2023][libcsd]Function: new_connection_cb Thread Id: 0x6BB3B000 File: /tmp/build/thehoff/Phoenix_MR40.705273986898/Phoenix_MR4/posture/asa/libcsd/csd_api.c Line: 68 Level: all :: *** new connection [6000000afc00] from pid: [0] ***
[Fri Apr 21 10:07:10.058 2023][libcsd]Function: csd_prelogin Thread Id: 0x6BB3B000 File: /tmp/build/thehoff/Phoenix_MR40.705273986898/Phoenix_MR4/posture/asa/libcsd/csd_api.c Line: 1028 Level: debug :: arguments sent to scanner, starting prelogin.
[Fri Apr 21 10:07:10.058 2023][libcsd]Function: csd_prelogin Thread Id: 0x6BB3B000 File: /tmp/build/thehoff/Phoenix_MR40.705273986898/Phoenix_MR4/posture/asa/libcsd/csd_api.c Line: 1038 Level: debug :: prelogin started.
[Fri Apr 21 10:07:10.461 2023][libcsd]Function: csd_prelogin Thread Id: 0x6BB3B000 File: /tmp/build/thehoff/Phoenix_MR40.705273986898/Phoenix_MR4/posture/asa/libcsd/csd_api.c Line: 1044 Level: all :: libcsd prelogin returns 0. 
[Fri Apr 21 10:07:10.462 2023][libcsd]Function: csd_run Thread Id: 0x6BB3B000 File: /tmp/build/thehoff/Phoenix_MR40.705273986898/Phoenix_MR4/posture/asa/libcsd/csd_api.c Line: 1102 Level: debug :: csd_run().
[Fri Apr 21 10:07:10.462 2023][libcsd]Function: csd_run Thread Id: 0x6BB3B000 File: /tmp/build/thehoff/Phoenix_MR40.705273986898/Phoenix_MR4/posture/asa/libcsd/csd_api.c Line: 1114 Level: debug :: spawning thread to handle scan session.
[Fri Apr 21 11:51:31.916 2023][libcsd]Function: csd_free Thread Id: 0x6BB3B000 File: /tmp/build/thehoff/Phoenix_MR40.705273986898/Phoenix_MR4/posture/asa/libcsd/csd_api.c Line: 623 Level: debug :: csd_free()
[Fri Apr 21 11:51:31.917 2023][libcsd]Function: csd_free Thread Id: 0x6BB3B000 File: /tmp/build/thehoff/Phoenix_MR40.705273986898/Phoenix_MR4/posture/asa/libcsd/csd_api.c Line: 633 Level: debug :: shutting down posture library, killing scanner...
[Fri Apr 21 11:51:31.922 2023][libcsd]Function: hs_try_get_process_exit_code Thread Id: 0x6BB3B000 File: /tmp/build/thehoff/Phoenix_MR40.705273986898/Phoenix_MR4/posture/common/libcommon/hs_process.c Line: 2291 Level: debug :: attempt(1) to collect exitcode of process(id:55453)
[Fri Apr 21 11:51:31.924 2023][libcsd]Function: reset_connection_cb Thread Id: 0x6B87F000 File: /tmp/build/thehoff/Phoenix_MR40.705273986898/Phoenix_MR4/posture/asa/libcsd/csd_api.c Line: 90 Level: all :: *** reset connection [6000000afc00] from pid: [0] ***
[Fri Apr 21 11:51:31.924 2023][libcsd]Function: run_loop Thread Id: 0x6B87F000 File: /tmp/build/thehoff/Phoenix_MR40.705273986898/Phoenix_MR4/posture/asa/libcsd/csd_api.c Line: 220 Level: debug :: error occurred, exit run thread.
[Fri Apr 21 11:51:31.924 2023][libcsd]Function: run_loop Thread Id: 0x6B87F000 File: /tmp/build/thehoff/Phoenix_MR40.705273986898/Phoenix_MR4/posture/asa/libcsd/csd_api.c Line: 229 Level: debug :: libcsd IPC thread exiting.
[Fri Apr 21 11:51:32.227 2023][libcsd]Function: hs_try_get_process_exit_code Thread Id: 0x6BB3B000 File: /tmp/build/thehoff/Phoenix_MR40.705273986898/Phoenix_MR4/posture/common/libcommon/hs_process.c Line: 2291 Level: debug :: attempt(2) to collect exitcode of process(id:55453)
[Fri Apr 21 11:51:32.227 2023][libcsd]Function: hs_try_get_process_exit_code Thread Id: 0x6BB3B000 File: /tmp/build/thehoff/Phoenix_MR40.705273986898/Phoenix_MR4/posture/common/libcommon/hs_process.c Line: 2295 Level: debug :: collected exitcode(15) of process(id:55453)
[Fri Apr 21 11:51:32.227 2023][libcsd]Function: csd_free Thread Id: 0x6BB3B000 File: /tmp/build/thehoff/Phoenix_MR40.705273986898/Phoenix_MR4/posture/asa/libcsd/csd_api.c Line: 636 Level: debug :: waiting for scan thread to terminate.
[Fri Apr 21 11:51:32.227 2023][libcsd]Function: csd_free Thread Id: 0x6BB3B000 File: /tmp/build/thehoff/Phoenix_MR40.705273986898/Phoenix_MR4/posture/asa/libcsd/csd_api.c Line: 638 Level: debug :: scan thread terminated.
[Fri Apr 21 11:51:32.227 2023][libcsd]Function: csd_free Thread Id: 0x6BB3B000 File: /tmp/build/thehoff/Phoenix_MR40.705273986898/Phoenix_MR4/posture/asa/libcsd/csd_api.c Line: 649 Level: all :: goodbye.
[Fri Apr 21 11:51:32.227 2023][libcsd]Function: hs_log_free Thread Id: 0x6BB3B000 File: /tmp/build/thehoff/Phoenix_MR40.705273986898/Phoenix_MR4/posture/common/libcommon/hs_log.c Line: 455 Level: info :: Logging system shutdown
[Mon Aug 28 16:25:14.789 2023][libcsd]Function: csd_init Thread Id: 0x6F2A7000 File: /tmp/build/thehoff/Phoenix_MR70.789804814981/Phoenix_MR7/posture/asa/libcsd/csd_api.c Line: 555 Level: all :: hello
[Mon Aug 28 16:25:14.789 2023][libcsd]Function: csd_init Thread Id: 0x6F2A7000 File: /tmp/build/thehoff/Phoenix_MR70.789804814981/Phoenix_MR7/posture/asa/libcsd/csd_api.c Line: 556 Level: all :: libcsd.dylib version 4.10.07061
[Mon Aug 28 16:25:14.789 2023][libcsd]Function: hs_transport_init Thread Id: 0x6F2A7000 File: /tmp/build/thehoff/Phoenix_MR70.789804814981/Phoenix_MR7/posture/common/libhstransport/hs_transport.c Line: 284 Level: trace :: initialization
[Mon Aug 28 16:25:14.790 2023][libcsd]Function: hs_transport_curl_set_options Thread Id: 0x6F2A7000 File: /tmp/build/thehoff/Phoenix_MR70.789804814981/Phoenix_MR7/posture/common/libhstransport/hs_transport_curl.c Line: 756 Level: debug :: Setting TLS version option
[Mon Aug 28 16:25:14.790 2023][libcsd]Function: hs_transport_init Thread Id: 0x6F2A7000 File: /tmp/build/thehoff/Phoenix_MR70.789804814981/Phoenix_MR7/posture/common/libhstransport/hs_transport.c Line: 323 Level: debug :: using libcurl
[Mon Aug 28 16:25:14.790 2023][libcsd]Function: hs_transport_sethttpver Thread Id: 0x6F2A7000 File: /tmp/build/thehoff/Phoenix_MR70.789804814981/Phoenix_MR7/posture/common/libhstransport/hs_transport.c Line: 861 Level: trace :: setting http version
[Mon Aug 28 16:25:14.790 2023][libcsd]Function: hs_transport_sethttpver Thread Id: 0x6F2A7000 File: /tmp/build/thehoff/Phoenix_MR70.789804814981/Phoenix_MR7/posture/common/libhstransport/hs_transport.c Line: 879 Level: trace :: setting http version done
[Mon Aug 28 16:25:14.790 2023][libcsd]Function: hs_transport_init Thread Id: 0x6F2A7000 File: /tmp/build/thehoff/Phoenix_MR70.789804814981/Phoenix_MR7/posture/common/libhstransport/hs_transport.c Line: 592 Level: trace :: accepting all http versions
[Mon Aug 28 16:25:14.790 2023][libcsd]Function: hs_transport_setconntimeout Thread Id: 0x6F2A7000 File: /tmp/build/thehoff/Phoenix_MR70.789804814981/Phoenix_MR7/posture/common/libhstransport/hs_transport.c Line: 895 Level: trace :: setting connection timeout
[Mon Aug 28 16:25:14.790 2023][libcsd]Function: hs_transport_setconntimeout Thread Id: 0x6F2A7000 File: /tmp/build/thehoff/Phoenix_MR70.789804814981/Phoenix_MR7/posture/common/libhstransport/hs_transport.c Line: 913 Level: trace :: setting connection timeout done
[Mon Aug 28 16:25:14.790 2023][libcsd]Function: hs_transport_init Thread Id: 0x6F2A7000 File: /tmp/build/thehoff/Phoenix_MR70.789804814981/Phoenix_MR7/posture/common/libhstransport/hs_transport.c Line: 595 Level: trace :: connect timeout = 90000
[Mon Aug 28 16:25:14.790 2023][libcsd]Function: hs_transport_setsendtimeout Thread Id: 0x6F2A7000 File: /tmp/build/thehoff/Phoenix_MR70.789804814981/Phoenix_MR7/posture/common/libhstransport/hs_transport.c Line: 965 Level: trace :: setting send timeout
[Mon Aug 28 16:25:14.790 2023][libcsd]Function: hs_transport_setsendtimeout Thread Id: 0x6F2A7000 File: /tmp/build/thehoff/Phoenix_MR70.789804814981/Phoenix_MR7/posture/common/libhstransport/hs_transport.c Line: 983 Level: trace :: setting send timeout done
[Mon Aug 28 16:25:14.790 2023][libcsd]Function: hs_transport_init Thread Id: 0x6F2A7000 File: /tmp/build/thehoff/Phoenix_MR70.789804814981/Phoenix_MR7/posture/common/libhstransport/hs_transport.c Line: 597 Level: trace :: send timeout = 90000
[Mon Aug 28 16:25:14.790 2023][libcsd]Function: hs_transport_setrecvtimeout Thread Id: 0x6F2A7000 File: /tmp/build/thehoff/Phoenix_MR70.789804814981/Phoenix_MR7/posture/common/libhstransport/hs_transport.c Line: 930 Level: trace :: setting receive timeout
[Mon Aug 28 16:25:14.790 2023][libcsd]Function: hs_transport_setrecvtimeout Thread Id: 0x6F2A7000 File: /tmp/build/thehoff/Phoenix_MR70.789804814981/Phoenix_MR7/posture/common/libhstransport/hs_transport.c Line: 948 Level: trace :: setting receive timeout done
[Mon Aug 28 16:25:14.790 2023][libcsd]Function: hs_transport_init Thread Id: 0x6F2A7000 File: /tmp/build/thehoff/Phoenix_MR70.789804814981/Phoenix_MR7/posture/common/libhstransport/hs_transport.c Line: 599 Level: trace :: receive timeout = 90000
[Mon Aug 28 16:25:14.790 2023][libcsd]Function: hs_transport_resetproxy Thread Id: 0x6F2A7000 File: /tmp/build/thehoff/Phoenix_MR70.789804814981/Phoenix_MR7/posture/common/libhstransport/hs_transport.c Line: 1773 Level: trace :: resetting proxy
[Mon Aug 28 16:25:14.790 2023][libcsd]Function: hs_transport_resetproxy Thread Id: 0x6F2A7000 File: /tmp/build/thehoff/Phoenix_MR70.789804814981/Phoenix_MR7/posture/common/libhstransport/hs_transport.c Line: 1791 Level: trace :: resetting proxy done
[Mon Aug 28 16:25:14.790 2023][libcsd]Function: hs_transport_init Thread Id: 0x6F2A7000 File: /tmp/build/thehoff/Phoenix_MR70.789804814981/Phoenix_MR7/posture/common/libhstransport/hs_transport.c Line: 617 Level: trace :: initialization done
[Mon Aug 28 16:25:14.790 2023][libcsd]Function: arg_set Thread Id: 0x6F2A7000 File: /tmp/build/thehoff/Phoenix_MR70.789804814981/Phoenix_MR7/posture/asa/libcsd/args.c Line: 98 Level: debug :: set argument (allow-updates)=(1)
[Mon Aug 28 16:25:14.790 2023][libcsd]Function: csd_setarg Thread Id: 0x6F2A7000 File: /tmp/build/thehoff/Phoenix_MR70.789804814981/Phoenix_MR7/posture/asa/libcsd/csd_api.c Line: 680 Level: debug :: received arg: (ticket)
[Mon Aug 28 16:25:14.790 2023][libcsd]Function: arg_set Thread Id: 0x6F2A7000 File: /tmp/build/thehoff/Phoenix_MR70.789804814981/Phoenix_MR7/posture/asa/libcsd/args.c Line: 94 Level: debug :: set argument (ticket)
[Mon Aug 28 16:25:14.790 2023][libcsd]Function: csd_setarg Thread Id: 0x6F2A7000 File: /tmp/build/thehoff/Phoenix_MR70.789804814981/Phoenix_MR7/posture/asa/libcsd/csd_api.c Line: 680 Level: debug :: received arg: (host)
[Mon Aug 28 16:25:14.790 2023][libcsd]Function: arg_set Thread Id: 0x6F2A7000 File: /tmp/build/thehoff/Phoenix_MR70.789804814981/Phoenix_MR7/posture/asa/libcsd/args.c Line: 98 Level: debug :: set argument (host)=(https://128.200.205.245)
[Mon Aug 28 16:25:14.790 2023][libcsd]Function: csd_setarg Thread Id: 0x6F2A7000 File: /tmp/build/thehoff/Phoenix_MR70.789804814981/Phoenix_MR7/posture/asa/libcsd/csd_api.c Line: 680 Level: debug :: received arg: (fqdn)
[Mon Aug 28 16:25:14.790 2023][libcsd]Function: arg_set Thread Id: 0x6F2A7000 File: /tmp/build/thehoff/Phoenix_MR70.789804814981/Phoenix_MR7/posture/asa/libcsd/args.c Line: 98 Level: debug :: set argument (fqdn)=(vpn.uci.edu)
[Mon Aug 28 16:25:14.790 2023][libcsd]Function: hs_transport_setSNI Thread Id: 0x6F2A7000 File: /tmp/build/thehoff/Phoenix_MR70.789804814981/Phoenix_MR7/posture/common/libhstransport/hs_transport.c Line: 1190 Level: trace :: setting resolve
[Mon Aug 28 16:25:14.790 2023][libcsd]Function: hs_transport_setSNI Thread Id: 0x6F2A7000 File: /tmp/build/thehoff/Phoenix_MR70.789804814981/Phoenix_MR7/posture/common/libhstransport/hs_transport.c Line: 1201 Level: trace :: setting resolve done. resolve = vpn.uci.edu
[Mon Aug 28 16:25:14.790 2023][libcsd]Function: csd_setarg Thread Id: 0x6F2A7000 File: /tmp/build/thehoff/Phoenix_MR70.789804814981/Phoenix_MR7/posture/asa/libcsd/csd_api.c Line: 680 Level: debug :: received arg: (stub)
[Mon Aug 28 16:25:14.790 2023][libcsd]Function: arg_set Thread Id: 0x6F2A7000 File: /tmp/build/thehoff/Phoenix_MR70.789804814981/Phoenix_MR7/posture/asa/libcsd/args.c Line: 98 Level: debug :: set argument (stub)=(0)
[Mon Aug 28 16:25:14.790 2023][libcsd]Function: csd_setarg Thread Id: 0x6F2A7000 File: /tmp/build/thehoff/Phoenix_MR70.789804814981/Phoenix_MR7/posture/asa/libcsd/csd_api.c Line: 680 Level: debug :: received arg: (group)
[Mon Aug 28 16:25:14.790 2023][libcsd]Function: csd_setarg Thread Id: 0x6F2A7000 File: /tmp/build/thehoff/Phoenix_MR70.789804814981/Phoenix_MR7/posture/asa/libcsd/csd_api.c Line: 680 Level: debug :: received arg: (server-certhash)
[Mon Aug 28 16:25:14.791 2023][libcsd]Function: arg_set Thread Id: 0x6F2A7000 File: /tmp/build/thehoff/Phoenix_MR70.789804814981/Phoenix_MR7/posture/asa/libcsd/args.c Line: 98 Level: debug :: set argument (server-certhash)=(sha1:2EE7AEE7B8A99935140E7149B10DC62B4BC815CE)
[Mon Aug 28 16:25:14.791 2023][libcsd]Function: csd_setarg Thread Id: 0x6F2A7000 File: /tmp/build/thehoff/Phoenix_MR70.789804814981/Phoenix_MR7/posture/asa/libcsd/csd_api.c Line: 680 Level: debug :: received arg: (langsel)
[Mon Aug 28 16:25:14.791 2023][libcsd]Function: arg_set Thread Id: 0x6F2A7000 File: /tmp/build/thehoff/Phoenix_MR70.789804814981/Phoenix_MR7/posture/asa/libcsd/args.c Line: 98 Level: debug :: set argument (langsel)=(langselen)
[Mon Aug 28 16:25:14.791 2023][libcsd]Function: csd_setarg Thread Id: 0x6F2A7000 File: /tmp/build/thehoff/Phoenix_MR70.789804814981/Phoenix_MR7/posture/asa/libcsd/csd_api.c Line: 680 Level: debug :: received arg: (vpnclient)
[Mon Aug 28 16:25:14.791 2023][libcsd]Function: arg_set Thread Id: 0x6F2A7000 File: /tmp/build/thehoff/Phoenix_MR70.789804814981/Phoenix_MR7/posture/asa/libcsd/args.c Line: 94 Level: debug :: set argument (vpnclient)
[Mon Aug 28 16:25:14.791 2023][libcsd]Function: csd_setarg Thread Id: 0x6F2A7000 File: /tmp/build/thehoff/Phoenix_MR70.789804814981/Phoenix_MR7/posture/asa/libcsd/csd_api.c Line: 680 Level: debug :: received arg: (url)
[Mon Aug 28 16:25:14.791 2023][libcsd]Function: arg_set Thread Id: 0x6F2A7000 File: /tmp/build/thehoff/Phoenix_MR70.789804814981/Phoenix_MR7/posture/asa/libcsd/args.c Line: 98 Level: debug :: set argument (url)=(https://vpn.uci.edu/CACHE/sdesktop/install/result.htm)
[Mon Aug 28 16:25:14.791 2023][libcsd]Function: csd_setarg Thread Id: 0x6F2A7000 File: /tmp/build/thehoff/Phoenix_MR70.789804814981/Phoenix_MR7/posture/asa/libcsd/csd_api.c Line: 680 Level: debug :: received arg: (user-pointer)
[Mon Aug 28 16:25:14.791 2023][libcsd]Function: csd_setarg Thread Id: 0x6F2A7000 File: /tmp/build/thehoff/Phoenix_MR70.789804814981/Phoenix_MR7/posture/asa/libcsd/csd_api.c Line: 680 Level: debug :: received arg: (state-callback)
[Mon Aug 28 16:25:14.791 2023][libcsd]Function: arg_set Thread Id: 0x6F2A7000 File: /tmp/build/thehoff/Phoenix_MR70.789804814981/Phoenix_MR7/posture/asa/libcsd/args.c Line: 98 Level: debug :: set argument (state-callback)=(1)
[Mon Aug 28 16:25:14.791 2023][libcsd]Function: csd_prelogin Thread Id: 0x6F2A7000 File: /tmp/build/thehoff/Phoenix_MR70.789804814981/Phoenix_MR7/posture/asa/libcsd/csd_api.c Line: 889 Level: debug :: libcsd prelogin started. 
[Mon Aug 28 16:25:14.791 2023][libcsd]Function: transport_init_hash Thread Id: 0x6F2A7000 File: /tmp/build/thehoff/Phoenix_MR70.789804814981/Phoenix_MR7/posture/asa/libcsd/csd_api.c Line: 800 Level: debug :: Provided (sha1) cert hash algorithm
[Mon Aug 28 16:25:14.791 2023][libcsd]Function: hs_transport_setcert Thread Id: 0x6F2A7000 File: /tmp/build/thehoff/Phoenix_MR70.789804814981/Phoenix_MR7/posture/common/libhstransport/hs_transport.c Line: 815 Level: trace :: init cert verify hash ... done
[Mon Aug 28 16:25:14.791 2023][libcsd]Function: asa_tok_ren_init Thread Id: 0x6F2A7000 File: /tmp/build/thehoff/Phoenix_MR70.789804814981/Phoenix_MR7/posture/asa/libasa/asa.c Line: 181 Level: debug :: cond init succeeded
[Mon Aug 28 16:25:14.791 2023][libcsd]Function: hs_transport_setpeer Thread Id: 0x6F2A7000 File: /tmp/build/thehoff/Phoenix_MR70.789804814981/Phoenix_MR7/posture/common/libhstransport/hs_transport.c Line: 1116 Level: trace :: setting peer
[Mon Aug 28 16:25:14.791 2023][libcsd]Function: hs_transport_setpeer Thread Id: 0x6F2A7000 File: /tmp/build/thehoff/Phoenix_MR70.789804814981/Phoenix_MR7/posture/common/libhstransport/hs_transport.c Line: 1148 Level: trace :: setting l2 peer: (https://128.200.205.245)
[Mon Aug 28 16:25:14.791 2023][libcsd]Function: hs_transport_curl_resolve_sni Thread Id: 0x6F2A7000 File: /tmp/build/thehoff/Phoenix_MR70.789804814981/Phoenix_MR7/posture/common/libhstransport/hs_transport_curl.c Line: 2342 Level: trace :: setting l2 peer: (128.200.205.245) and resolve : (vpn.uci.edu)
[Mon Aug 28 16:25:14.791 2023][libcsd]Function: hs_transport_curl_resolve_sni Thread Id: 0x6F2A7000 File: /tmp/build/thehoff/Phoenix_MR70.789804814981/Phoenix_MR7/posture/common/libhstransport/hs_transport_curl.c Line: 2347 Level: trace :: resolve list: (vpn.uci.edu:443:128.200.205.245)
[Mon Aug 28 16:25:14.791 2023][libcsd]Function: hs_transport_curl_setpeer Thread Id: 0x6F2A7000 File: /tmp/build/thehoff/Phoenix_MR70.789804814981/Phoenix_MR7/posture/common/libhstransport/hs_transport_curl.c Line: 2420 Level: debug :: Using SNI
[Mon Aug 28 16:25:14.791 2023][libcsd]Function: hs_transport_setpeer Thread Id: 0x6F2A7000 File: /tmp/build/thehoff/Phoenix_MR70.789804814981/Phoenix_MR7/posture/common/libhstransport/hs_transport.c Line: 1160 Level: trace :: setting peer done. peer = https://128.200.205.245, referrer = 
[Mon Aug 28 16:25:14.791 2023][libcsd]Function: hs_transport_setpeer Thread Id: 0x6F2A7000 File: /tmp/build/thehoff/Phoenix_MR70.789804814981/Phoenix_MR7/posture/common/libhstransport/hs_transport.c Line: 1172 Level: trace :: host changed
[Mon Aug 28 16:25:14.791 2023][libcsd]Function: hs_transport_detect_proxy Thread Id: 0x6F2A7000 File: /tmp/build/thehoff/Phoenix_MR70.789804814981/Phoenix_MR7/posture/common/libhstransport/hs_transport.c Line: 1065 Level: trace :: detecting proxy...
[Mon Aug 28 16:25:14.791 2023][libcsd]Function: hs_transport_curl_setproxy_none Thread Id: 0x6F2A7000 File: /tmp/build/thehoff/Phoenix_MR70.789804814981/Phoenix_MR7/posture/common/libhstransport/hs_transport_curl.c Line: 2534 Level: debug :: setting proxy to none
[Mon Aug 28 16:25:14.791 2023][libcsd]Function: hs_transport_detect_proxy Thread Id: 0x6F2A7000 File: /tmp/build/thehoff/Phoenix_MR70.789804814981/Phoenix_MR7/posture/common/libhstransport/hs_transport.c Line: 1072 Level: trace :: verifying proxy...
[Mon Aug 28 16:25:14.791 2023][libcsd]Function: hs_transport_probe Thread Id: 0x6F2A7000 File: /tmp/build/thehoff/Phoenix_MR70.789804814981/Phoenix_MR7/posture/common/libhstransport/hs_transport.c Line: 1406 Level: trace :: sending probe request
[Mon Aug 28 16:25:14.852 2023][libcsd]Function: ssl_fingerprint_verify_callback Thread Id: 0x6F2A7000 File: /tmp/build/thehoff/Phoenix_MR70.789804814981/Phoenix_MR7/posture/common/libhstransport/hs_transport_curl.c Line: 1969 Level: debug :: certinfo[SerialNumber=(ffffffffffffffff) IssuerCN=(InCommon RSA Server CA) subjectCN=(vpn.nacs.uci.edu)]
[Mon Aug 28 16:25:14.852 2023][libcsd]Function: ssl_fingerprint_verify_callback Thread Id: 0x6F2A7000 File: /tmp/build/thehoff/Phoenix_MR70.789804814981/Phoenix_MR7/posture/common/libhstransport/hs_transport_curl.c Line: 1979 Level: debug :: Using SHA1 hash algorithm.
[Mon Aug 28 16:25:14.852 2023][libcsd]Function: ssl_fingerprint_verify_callback Thread Id: 0x6F2A7000 File: /tmp/build/thehoff/Phoenix_MR70.789804814981/Phoenix_MR7/posture/common/libhstransport/hs_transport_curl.c Line: 2025 Level: debug :: Fingerprints match: Given(2EE7AEE7B8A99935140E7149B10DC62B4BC815CE) == Computed(2EE7AEE7B8A99935140E7149B10DC62B4BC815CE)
[Mon Aug 28 16:25:14.890 2023][libcsd]Function: process_response_headers Thread Id: 0x6F2A7000 File: /tmp/build/thehoff/Phoenix_MR70.789804814981/Phoenix_MR7/posture/common/libhstransport/hs_transport.c Line: 185 Level: trace :: processing http response headers
[Mon Aug 28 16:25:14.890 2023][libcsd]Function: process_response_headers Thread Id: 0x6F2A7000 File: /tmp/build/thehoff/Phoenix_MR70.789804814981/Phoenix_MR7/posture/common/libhstransport/hs_transport.c Line: 193 Level: trace :: getting http headers from l2
[Mon Aug 28 16:25:14.890 2023][libcsd]Function: process_response_headers Thread Id: 0x6F2A7000 File: /tmp/build/thehoff/Phoenix_MR70.789804814981/Phoenix_MR7/posture/common/libhstransport/hs_transport.c Line: 232 Level: trace :: getting http headers headers from l2 done
[Mon Aug 28 16:25:14.890 2023][libcsd]Function: parse_response_headers Thread Id: 0x6F2A7000 File: /tmp/build/thehoff/Phoenix_MR70.789804814981/Phoenix_MR7/posture/common/libhstransport/hs_transport.c Line: 124 Level: trace :: parsing http headers
[Mon Aug 28 16:25:14.890 2023][libcsd]Function: parse_response_headers Thread Id: 0x6F2A7000 File: /tmp/build/thehoff/Phoenix_MR70.789804814981/Phoenix_MR7/posture/common/libhstransport/hs_transport.c Line: 144 Level: trace :: Calling populate_http_headers_list
[Mon Aug 28 16:25:14.890 2023][libcsd]Function: parse_response_headers Thread Id: 0x6F2A7000 File: /tmp/build/thehoff/Phoenix_MR70.789804814981/Phoenix_MR7/posture/common/libhstransport/hs_transport.c Line: 158 Level: trace :: Calling dump_http_headers
[Mon Aug 28 16:25:14.890 2023][libcsd]Function: dump_http_headers Thread Id: 0x6F2A7000 File: /tmp/build/thehoff/Phoenix_MR70.789804814981/Phoenix_MR7/posture/common/libhstransport/hs_httpheader.c Line: 430 Level: debug :: --- Http Response Headers ---
[Mon Aug 28 16:25:14.890 2023][libcsd]Function: dump_http_headers Thread Id: 0x6F2A7000 File: /tmp/build/thehoff/Phoenix_MR70.789804814981/Phoenix_MR7/posture/common/libhstransport/hs_httpheader.c Line: 437 Level: debug :: HTTP-Version: 1.1
[Mon Aug 28 16:25:14.890 2023][libcsd]Function: dump_http_headers Thread Id: 0x6F2A7000 File: /tmp/build/thehoff/Phoenix_MR70.789804814981/Phoenix_MR7/posture/common/libhstransport/hs_httpheader.c Line: 437 Level: debug :: Status-Code: 404
[Mon Aug 28 16:25:14.890 2023][libcsd]Function: dump_http_headers Thread Id: 0x6F2A7000 File: /tmp/build/thehoff/Phoenix_MR70.789804814981/Phoenix_MR7/posture/common/libhstransport/hs_httpheader.c Line: 437 Level: debug :: Cache-Control: no-store
[Mon Aug 28 16:25:14.890 2023][libcsd]Function: dump_http_headers Thread Id: 0x6F2A7000 File: /tmp/build/thehoff/Phoenix_MR70.789804814981/Phoenix_MR7/posture/common/libhstransport/hs_httpheader.c Line: 437 Level: debug :: Pragma: no-cache
[Mon Aug 28 16:25:14.890 2023][libcsd]Function: dump_http_headers Thread Id: 0x6F2A7000 File: /tmp/build/thehoff/Phoenix_MR70.789804814981/Phoenix_MR7/posture/common/libhstransport/hs_httpheader.c Line: 437 Level: debug :: Connection: Close
[Mon Aug 28 16:25:14.890 2023][libcsd]Function: dump_http_headers Thread Id: 0x6F2A7000 File: /tmp/build/thehoff/Phoenix_MR70.789804814981/Phoenix_MR7/posture/common/libhstransport/hs_httpheader.c Line: 437 Level: debug :: Date: Mon, 28 Aug 2023 23:25:14 GMT
[Mon Aug 28 16:25:14.890 2023][libcsd]Function: dump_http_headers Thread Id: 0x6F2A7000 File: /tmp/build/thehoff/Phoenix_MR70.789804814981/Phoenix_MR7/posture/common/libhstransport/hs_httpheader.c Line: 437 Level: debug :: X-Frame-Options: SAMEORIGIN
[Mon Aug 28 16:25:14.890 2023][libcsd]Function: dump_http_headers Thread Id: 0x6F2A7000 File: /tmp/build/thehoff/Phoenix_MR70.789804814981/Phoenix_MR7/posture/common/libhstransport/hs_httpheader.c Line: 437 Level: debug :: Strict-Transport-Security: max-age=31536000; includeSubDomains
[Mon Aug 28 16:25:14.890 2023][libcsd]Function: dump_http_headers Thread Id: 0x6F2A7000 File: /tmp/build/thehoff/Phoenix_MR70.789804814981/Phoenix_MR7/posture/common/libhstransport/hs_httpheader.c Line: 437 Level: debug :: X-Content-Type-Options: nosniff
[Mon Aug 28 16:25:14.890 2023][libcsd]Function: dump_http_headers Thread Id: 0x6F2A7000 File: /tmp/build/thehoff/Phoenix_MR70.789804814981/Phoenix_MR7/posture/common/libhstransport/hs_httpheader.c Line: 437 Level: debug :: X-XSS-Protection: 1
[Mon Aug 28 16:25:14.890 2023][libcsd]Function: dump_http_headers Thread Id: 0x6F2A7000 File: /tmp/build/thehoff/Phoenix_MR70.789804814981/Phoenix_MR7/posture/common/libhstransport/hs_httpheader.c Line: 437 Level: debug :: Content-Security-Policy: default-src 'self' 'unsafe-inline' 'unsafe-eval' data: blob:; frame-ancestors 'self'
[Mon Aug 28 16:25:14.890 2023][libcsd]Function: dump_http_headers Thread Id: 0x6F2A7000 File: /tmp/build/thehoff/Phoenix_MR70.789804814981/Phoenix_MR7/posture/common/libhstransport/hs_httpheader.c Line: 442 Level: debug :: --------------------
[Mon Aug 28 16:25:14.890 2023][libcsd]Function: parse_response_headers Thread Id: 0x6F2A7000 File: /tmp/build/thehoff/Phoenix_MR70.789804814981/Phoenix_MR7/posture/common/libhstransport/hs_transport.c Line: 174 Level: trace :: parsing http headers done
[Mon Aug 28 16:25:14.890 2023][libcsd]Function: process_response_headers Thread Id: 0x6F2A7000 File: /tmp/build/thehoff/Phoenix_MR70.789804814981/Phoenix_MR7/posture/common/libhstransport/hs_transport.c Line: 250 Level: trace :: processing http response headers done
[Mon Aug 28 16:25:14.890 2023][libcsd]Function: hs_transport_probe Thread Id: 0x6F2A7000 File: /tmp/build/thehoff/Phoenix_MR70.789804814981/Phoenix_MR7/posture/common/libhstransport/hs_transport.c Line: 1428 Level: trace :: sending probe request done
[Mon Aug 28 16:25:14.890 2023][libcsd]Function: hs_transport_detect_proxy Thread Id: 0x6F2A7000 File: /tmp/build/thehoff/Phoenix_MR70.789804814981/Phoenix_MR7/posture/common/libhstransport/hs_transport.c Line: 1075 Level: trace :: verifying proxy... done.
[Mon Aug 28 16:25:14.891 2023][libcsd]Function: hs_transport_detect_proxy Thread Id: 0x6F2A7000 File: /tmp/build/thehoff/Phoenix_MR70.789804814981/Phoenix_MR7/posture/common/libhstransport/hs_transport.c Line: 1093 Level: trace :: detecting proxy... done.
[Mon Aug 28 16:25:14.891 2023][libcsd]Function: asa_get_token Thread Id: 0x6F2A7000 File: /tmp/build/thehoff/Phoenix_MR70.789804814981/Phoenix_MR7/posture/asa/libasa/asa.c Line: 393 Level: debug :: getting token data from url
[Mon Aug 28 16:25:14.891 2023][libcsd]Function: hs_transport_setredircount Thread Id: 0x6F2A7000 File: /tmp/build/thehoff/Phoenix_MR70.789804814981/Phoenix_MR7/posture/common/libhstransport/hs_transport.c Line: 1806 Level: trace :: setting redirects
[Mon Aug 28 16:25:14.891 2023][libcsd]Function: hs_transport_setredircount Thread Id: 0x6F2A7000 File: /tmp/build/thehoff/Phoenix_MR70.789804814981/Phoenix_MR7/posture/common/libhstransport/hs_transport.c Line: 1814 Level: trace :: setting redirects: (10)
[Mon Aug 28 16:25:14.891 2023][libcsd]Function: hs_transport_setredircount Thread Id: 0x6F2A7000 File: /tmp/build/thehoff/Phoenix_MR70.789804814981/Phoenix_MR7/posture/common/libhstransport/hs_transport.c Line: 1821 Level: trace :: setting redirects done
[Mon Aug 28 16:25:14.891 2023][libcsd]Function: hs_transport_get Thread Id: 0x6F2A7000 File: /tmp/build/thehoff/Phoenix_MR70.789804814981/Phoenix_MR7/posture/common/libhstransport/hs_transport.c Line: 1446 Level: trace :: sending get request
[Mon Aug 28 16:25:14.955 2023][libcsd]Function: process_response_headers Thread Id: 0x6F2A7000 File: /tmp/build/thehoff/Phoenix_MR70.789804814981/Phoenix_MR7/posture/common/libhstransport/hs_transport.c Line: 185 Level: trace :: processing http response headers
[Mon Aug 28 16:25:14.955 2023][libcsd]Function: process_response_headers Thread Id: 0x6F2A7000 File: /tmp/build/thehoff/Phoenix_MR70.789804814981/Phoenix_MR7/posture/common/libhstransport/hs_transport.c Line: 193 Level: trace :: getting http headers from l2
[Mon Aug 28 16:25:14.955 2023][libcsd]Function: process_response_headers Thread Id: 0x6F2A7000 File: /tmp/build/thehoff/Phoenix_MR70.789804814981/Phoenix_MR7/posture/common/libhstransport/hs_transport.c Line: 232 Level: trace :: getting http headers headers from l2 done
[Mon Aug 28 16:25:14.955 2023][libcsd]Function: parse_response_headers Thread Id: 0x6F2A7000 File: /tmp/build/thehoff/Phoenix_MR70.789804814981/Phoenix_MR7/posture/common/libhstransport/hs_transport.c Line: 124 Level: trace :: parsing http headers
[Mon Aug 28 16:25:14.955 2023][libcsd]Function: parse_response_headers Thread Id: 0x6F2A7000 File: /tmp/build/thehoff/Phoenix_MR70.789804814981/Phoenix_MR7/posture/common/libhstransport/hs_transport.c Line: 144 Level: trace :: Calling populate_http_headers_list
[Mon Aug 28 16:25:14.955 2023][libcsd]Function: parse_response_headers Thread Id: 0x6F2A7000 File: /tmp/build/thehoff/Phoenix_MR70.789804814981/Phoenix_MR7/posture/common/libhstransport/hs_transport.c Line: 158 Level: trace :: Calling dump_http_headers
[Mon Aug 28 16:25:14.955 2023][libcsd]Function: dump_http_headers Thread Id: 0x6F2A7000 File: /tmp/build/thehoff/Phoenix_MR70.789804814981/Phoenix_MR7/posture/common/libhstransport/hs_httpheader.c Line: 430 Level: debug :: --- Http Response Headers ---
[Mon Aug 28 16:25:14.955 2023][libcsd]Function: dump_http_headers Thread Id: 0x6F2A7000 File: /tmp/build/thehoff/Phoenix_MR70.789804814981/Phoenix_MR7/posture/common/libhstransport/hs_httpheader.c Line: 437 Level: debug :: HTTP-Version: 1.1
[Mon Aug 28 16:25:14.955 2023][libcsd]Function: dump_http_headers Thread Id: 0x6F2A7000 File: /tmp/build/thehoff/Phoenix_MR70.789804814981/Phoenix_MR7/posture/common/libhstransport/hs_httpheader.c Line: 437 Level: debug :: Status-Code: 200
[Mon Aug 28 16:25:14.955 2023][libcsd]Function: dump_http_headers Thread Id: 0x6F2A7000 File: /tmp/build/thehoff/Phoenix_MR70.789804814981/Phoenix_MR7/posture/common/libhstransport/hs_httpheader.c Line: 437 Level: debug :: Content-Type: text/xml; charset=utf-8
[Mon Aug 28 16:25:14.955 2023][libcsd]Function: dump_http_headers Thread Id: 0x6F2A7000 File: /tmp/build/thehoff/Phoenix_MR70.789804814981/Phoenix_MR7/posture/common/libhstransport/hs_httpheader.c Line: 437 Level: debug :: Transfer-Encoding: chunked
[Mon Aug 28 16:25:14.955 2023][libcsd]Function: dump_http_headers Thread Id: 0x6F2A7000 File: /tmp/build/thehoff/Phoenix_MR70.789804814981/Phoenix_MR7/posture/common/libhstransport/hs_httpheader.c Line: 437 Level: debug :: Cache-Control: no-store
[Mon Aug 28 16:25:14.955 2023][libcsd]Function: dump_http_headers Thread Id: 0x6F2A7000 File: /tmp/build/thehoff/Phoenix_MR70.789804814981/Phoenix_MR7/posture/common/libhstransport/hs_httpheader.c Line: 437 Level: debug :: Pragma: no-cache
[Mon Aug 28 16:25:14.955 2023][libcsd]Function: dump_http_headers Thread Id: 0x6F2A7000 File: /tmp/build/thehoff/Phoenix_MR70.789804814981/Phoenix_MR7/posture/common/libhstransport/hs_httpheader.c Line: 437 Level: debug :: Connection: Close
[Mon Aug 28 16:25:14.955 2023][libcsd]Function: dump_http_headers Thread Id: 0x6F2A7000 File: /tmp/build/thehoff/Phoenix_MR70.789804814981/Phoenix_MR7/posture/common/libhstransport/hs_httpheader.c Line: 437 Level: debug :: Date: Mon, 28 Aug 2023 23:25:15 GMT
[Mon Aug 28 16:25:14.955 2023][libcsd]Function: dump_http_headers Thread Id: 0x6F2A7000 File: /tmp/build/thehoff/Phoenix_MR70.789804814981/Phoenix_MR7/posture/common/libhstransport/hs_httpheader.c Line: 437 Level: debug :: X-Frame-Options: SAMEORIGIN
[Mon Aug 28 16:25:14.955 2023][libcsd]Function: dump_http_headers Thread Id: 0x6F2A7000 File: /tmp/build/thehoff/Phoenix_MR70.789804814981/Phoenix_MR7/posture/common/libhstransport/hs_httpheader.c Line: 437 Level: debug :: Strict-Transport-Security: max-age=31536000; includeSubDomains
[Mon Aug 28 16:25:14.955 2023][libcsd]Function: dump_http_headers Thread Id: 0x6F2A7000 File: /tmp/build/thehoff/Phoenix_MR70.789804814981/Phoenix_MR7/posture/common/libhstransport/hs_httpheader.c Line: 437 Level: debug :: X-Content-Type-Options: nosniff
[Mon Aug 28 16:25:14.955 2023][libcsd]Function: dump_http_headers Thread Id: 0x6F2A7000 File: /tmp/build/thehoff/Phoenix_MR70.789804814981/Phoenix_MR7/posture/common/libhstransport/hs_httpheader.c Line: 437 Level: debug :: X-XSS-Protection: 1
[Mon Aug 28 16:25:14.955 2023][libcsd]Function: dump_http_headers Thread Id: 0x6F2A7000 File: /tmp/build/thehoff/Phoenix_MR70.789804814981/Phoenix_MR7/posture/common/libhstransport/hs_httpheader.c Line: 437 Level: debug :: Content-Security-Policy: default-src 'self' 'unsafe-inline' 'unsafe-eval' data: blob:; frame-ancestors 'self'
[Mon Aug 28 16:25:14.955 2023][libcsd]Function: dump_http_headers Thread Id: 0x6F2A7000 File: /tmp/build/thehoff/Phoenix_MR70.789804814981/Phoenix_MR7/posture/common/libhstransport/hs_httpheader.c Line: 442 Level: debug :: --------------------
[Mon Aug 28 16:25:14.955 2023][libcsd]Function: parse_response_headers Thread Id: 0x6F2A7000 File: /tmp/build/thehoff/Phoenix_MR70.789804814981/Phoenix_MR7/posture/common/libhstransport/hs_transport.c Line: 174 Level: trace :: parsing http headers done
[Mon Aug 28 16:25:14.955 2023][libcsd]Function: process_response_headers Thread Id: 0x6F2A7000 File: /tmp/build/thehoff/Phoenix_MR70.789804814981/Phoenix_MR7/posture/common/libhstransport/hs_transport.c Line: 250 Level: trace :: processing http response headers done
[Mon Aug 28 16:25:14.955 2023][libcsd]Function: hs_transport_get Thread Id: 0x6F2A7000 File: /tmp/build/thehoff/Phoenix_MR70.789804814981/Phoenix_MR7/posture/common/libhstransport/hs_transport.c Line: 1516 Level: trace :: sending get request done
[Mon Aug 28 16:25:14.955 2023][libcsd]Function: hs_transport_get_data Thread Id: 0x6F2A7000 File: /tmp/build/thehoff/Phoenix_MR70.789804814981/Phoenix_MR7/posture/common/libhstransport/hs_transport.c Line: 1645 Level: trace :: getting data
[Mon Aug 28 16:25:14.956 2023][libcsd]Function: hs_transport_get_data Thread Id: 0x6F2A7000 File: /tmp/build/thehoff/Phoenix_MR70.789804814981/Phoenix_MR7/posture/common/libhstransport/hs_transport.c Line: 1661 Level: trace :: --- http data ---
todo 
[Mon Aug 28 16:25:14.956 2023][libcsd]Function: hs_transport_get_data Thread Id: 0x6F2A7000 File: /tmp/build/thehoff/Phoenix_MR70.789804814981/Phoenix_MR7/posture/common/libhstransport/hs_transport.c Line: 1665 Level: trace :: getting data done
[Mon Aug 28 16:25:14.956 2023][libcsd]Function: hs_transport_get_data Thread Id: 0x6F2A7000 File: /tmp/build/thehoff/Phoenix_MR70.789804814981/Phoenix_MR7/posture/common/libhstransport/hs_transport.c Line: 1645 Level: trace :: getting data
[Mon Aug 28 16:25:14.956 2023][libcsd]Function: hs_transport_get_data Thread Id: 0x6F2A7000 File: /tmp/build/thehoff/Phoenix_MR70.789804814981/Phoenix_MR7/posture/common/libhstransport/hs_transport.c Line: 1661 Level: trace :: --- http data ---
todo 
[Mon Aug 28 16:25:14.956 2023][libcsd]Function: hs_transport_get_data Thread Id: 0x6F2A7000 File: /tmp/build/thehoff/Phoenix_MR70.789804814981/Phoenix_MR7/posture/common/libhstransport/hs_transport.c Line: 1665 Level: trace :: getting data done
[Mon Aug 28 16:25:14.956 2023][libcsd]Function: asa_get_token Thread Id: 0x6F2A7000 File: /tmp/build/thehoff/Phoenix_MR70.789804814981/Phoenix_MR7/posture/asa/libasa/asa.c Line: 451 Level: debug :: got token
[Mon Aug 28 16:25:14.956 2023][libcsd]Function: hs_transport_setcookie Thread Id: 0x6F2A7000 File: /tmp/build/thehoff/Phoenix_MR70.789804814981/Phoenix_MR7/posture/common/libhstransport/hs_transport.c Line: 1293 Level: trace :: setting cookie
[Mon Aug 28 16:25:14.956 2023][libcsd]Function: hs_transport_setcookie Thread Id: 0x6F2A7000 File: /tmp/build/thehoff/Phoenix_MR70.789804814981/Phoenix_MR7/posture/common/libhstransport/hs_transport.c Line: 1298 Level: trace :: setting cookie...
[Mon Aug 28 16:25:14.956 2023][libcsd]Function: hs_transport_addheader Thread Id: 0x6F2A7000 File: /tmp/build/thehoff/Phoenix_MR70.789804814981/Phoenix_MR7/posture/common/libhstransport/hs_transport.c Line: 1254 Level: trace :: adding http header
[Mon Aug 28 16:25:14.956 2023][libcsd]Function: hs_transport_addheader Thread Id: 0x6F2A7000 File: /tmp/build/thehoff/Phoenix_MR70.789804814981/Phoenix_MR7/posture/common/libhstransport/hs_transport.c Line: 1277 Level: trace :: adding http header done
[Mon Aug 28 16:25:14.956 2023][libcsd]Function: hs_transport_setcookie Thread Id: 0x6F2A7000 File: /tmp/build/thehoff/Phoenix_MR70.789804814981/Phoenix_MR7/posture/common/libhstransport/hs_transport.c Line: 1304 Level: trace :: setting cookie done
[Mon Aug 28 16:25:14.956 2023][libcsd]Function: csd_prelogin Thread Id: 0x6F2A7000 File: /tmp/build/thehoff/Phoenix_MR70.789804814981/Phoenix_MR7/posture/asa/libcsd/csd_api.c Line: 938 Level: debug :: Calling asa begin token
[Mon Aug 28 16:25:14.956 2023][libcsd]Function: update_file Thread Id: 0x6F2A7000 File: /tmp/build/thehoff/Phoenix_MR70.789804814981/Phoenix_MR7/posture/asa/libupdate/update.c Line: 243 Level: debug :: updating file (/opt/cisco/hostscan/bin64/cscan)
[Mon Aug 28 16:25:14.956 2023][libcsd]Function: verify_file Thread Id: 0x6F2A7000 File: /tmp/build/thehoff/Phoenix_MR70.789804814981/Phoenix_MR7/posture/asa/libupdate/update.c Line: 139 Level: debug :: verifying file: /opt/cisco/hostscan/bin64/cscan
[Mon Aug 28 16:25:14.956 2023][libcsd]Function: hs_get_from_cache Thread Id: 0x6F2A7000 File: /tmp/build/thehoff/Phoenix_MR70.789804814981/Phoenix_MR7/posture/asa/libhscore/hs_cache.c Line: 95 Level: debug :: No cache for '0'
[Mon Aug 28 16:25:14.956 2023][libcsd]Function: hs_download_file_to_buffer_s Thread Id: 0x6F2A7000 File: /tmp/build/thehoff/Phoenix_MR70.789804814981/Phoenix_MR7/posture/common/libdownload/hs_download.c Line: 609 Level: debug :: attempting to download file: /CACHE/sdesktop/hostscan/darwin_x64_appid/manifest
[Mon Aug 28 16:25:14.956 2023][libcsd]Function: hs_transport_setpeer Thread Id: 0x6F2A7000 File: /tmp/build/thehoff/Phoenix_MR70.789804814981/Phoenix_MR7/posture/common/libhstransport/hs_transport.c Line: 1116 Level: trace :: setting peer
[Mon Aug 28 16:25:14.956 2023][libcsd]Function: hs_transport_setpeer Thread Id: 0x6F2A7000 File: /tmp/build/thehoff/Phoenix_MR70.789804814981/Phoenix_MR7/posture/common/libhstransport/hs_transport.c Line: 1148 Level: trace :: setting l2 peer: (https://128.200.205.245)
[Mon Aug 28 16:25:14.956 2023][libcsd]Function: hs_transport_curl_resolve_sni Thread Id: 0x6F2A7000 File: /tmp/build/thehoff/Phoenix_MR70.789804814981/Phoenix_MR7/posture/common/libhstransport/hs_transport_curl.c Line: 2342 Level: trace :: setting l2 peer: (128.200.205.245) and resolve : (vpn.uci.edu)
[Mon Aug 28 16:25:14.956 2023][libcsd]Function: hs_transport_curl_resolve_sni Thread Id: 0x6F2A7000 File: /tmp/build/thehoff/Phoenix_MR70.789804814981/Phoenix_MR7/posture/common/libhstransport/hs_transport_curl.c Line: 2347 Level: trace :: resolve list: (vpn.uci.edu:443:128.200.205.245)
[Mon Aug 28 16:25:14.956 2023][libcsd]Function: hs_transport_curl_setpeer Thread Id: 0x6F2A7000 File: /tmp/build/thehoff/Phoenix_MR70.789804814981/Phoenix_MR7/posture/common/libhstransport/hs_transport_curl.c Line: 2420 Level: debug :: Using SNI
[Mon Aug 28 16:25:14.956 2023][libcsd]Function: hs_transport_setpeer Thread Id: 0x6F2A7000 File: /tmp/build/thehoff/Phoenix_MR70.789804814981/Phoenix_MR7/posture/common/libhstransport/hs_transport.c Line: 1160 Level: trace :: setting peer done. peer = https://128.200.205.245, referrer = https://128.200.205.245
[Mon Aug 28 16:25:14.956 2023][libcsd]Function: hs_transport_setredircount Thread Id: 0x6F2A7000 File: /tmp/build/thehoff/Phoenix_MR70.789804814981/Phoenix_MR7/posture/common/libhstransport/hs_transport.c Line: 1806 Level: trace :: setting redirects
[Mon Aug 28 16:25:14.956 2023][libcsd]Function: hs_transport_setredircount Thread Id: 0x6F2A7000 File: /tmp/build/thehoff/Phoenix_MR70.789804814981/Phoenix_MR7/posture/common/libhstransport/hs_transport.c Line: 1814 Level: trace :: setting redirects: (10)
[Mon Aug 28 16:25:14.956 2023][libcsd]Function: hs_transport_setredircount Thread Id: 0x6F2A7000 File: /tmp/build/thehoff/Phoenix_MR70.789804814981/Phoenix_MR7/posture/common/libhstransport/hs_transport.c Line: 1821 Level: trace :: setting redirects done
[Mon Aug 28 16:25:14.956 2023][libcsd]Function: hs_transport_get Thread Id: 0x6F2A7000 File: /tmp/build/thehoff/Phoenix_MR70.789804814981/Phoenix_MR7/posture/common/libhstransport/hs_transport.c Line: 1446 Level: trace :: sending get request
[Mon Aug 28 16:25:15.180 2023][libcsd]Function: process_response_headers Thread Id: 0x6F2A7000 File: /tmp/build/thehoff/Phoenix_MR70.789804814981/Phoenix_MR7/posture/common/libhstransport/hs_transport.c Line: 185 Level: trace :: processing http response headers
[Mon Aug 28 16:25:15.180 2023][libcsd]Function: process_response_headers Thread Id: 0x6F2A7000 File: /tmp/build/thehoff/Phoenix_MR70.789804814981/Phoenix_MR7/posture/common/libhstransport/hs_transport.c Line: 193 Level: trace :: getting http headers from l2
[Mon Aug 28 16:25:15.180 2023][libcsd]Function: process_response_headers Thread Id: 0x6F2A7000 File: /tmp/build/thehoff/Phoenix_MR70.789804814981/Phoenix_MR7/posture/common/libhstransport/hs_transport.c Line: 232 Level: trace :: getting http headers headers from l2 done
[Mon Aug 28 16:25:15.180 2023][libcsd]Function: parse_response_headers Thread Id: 0x6F2A7000 File: /tmp/build/thehoff/Phoenix_MR70.789804814981/Phoenix_MR7/posture/common/libhstransport/hs_transport.c Line: 124 Level: trace :: parsing http headers
[Mon Aug 28 16:25:15.180 2023][libcsd]Function: parse_response_headers Thread Id: 0x6F2A7000 File: /tmp/build/thehoff/Phoenix_MR70.789804814981/Phoenix_MR7/posture/common/libhstransport/hs_transport.c Line: 144 Level: trace :: Calling populate_http_headers_list
[Mon Aug 28 16:25:15.180 2023][libcsd]Function: parse_response_headers Thread Id: 0x6F2A7000 File: /tmp/build/thehoff/Phoenix_MR70.789804814981/Phoenix_MR7/posture/common/libhstransport/hs_transport.c Line: 158 Level: trace :: Calling dump_http_headers
[Mon Aug 28 16:25:15.180 2023][libcsd]Function: dump_http_headers Thread Id: 0x6F2A7000 File: /tmp/build/thehoff/Phoenix_MR70.789804814981/Phoenix_MR7/posture/common/libhstransport/hs_httpheader.c Line: 430 Level: debug :: --- Http Response Headers ---
[Mon Aug 28 16:25:15.180 2023][libcsd]Function: dump_http_headers Thread Id: 0x6F2A7000 File: /tmp/build/thehoff/Phoenix_MR70.789804814981/Phoenix_MR7/posture/common/libhstransport/hs_httpheader.c Line: 437 Level: debug :: HTTP-Version: 1.1
[Mon Aug 28 16:25:15.180 2023][libcsd]Function: dump_http_headers Thread Id: 0x6F2A7000 File: /tmp/build/thehoff/Phoenix_MR70.789804814981/Phoenix_MR7/posture/common/libhstransport/hs_httpheader.c Line: 437 Level: debug :: Status-Code: 200
[Mon Aug 28 16:25:15.180 2023][libcsd]Function: dump_http_headers Thread Id: 0x6F2A7000 File: /tmp/build/thehoff/Phoenix_MR70.789804814981/Phoenix_MR7/posture/common/libhstransport/hs_httpheader.c Line: 437 Level: debug :: Content-Length: 667
[Mon Aug 28 16:25:15.180 2023][libcsd]Function: dump_http_headers Thread Id: 0x6F2A7000 File: /tmp/build/thehoff/Phoenix_MR70.789804814981/Phoenix_MR7/posture/common/libhstransport/hs_httpheader.c Line: 437 Level: debug :: Cache-Control: max-age=6000
[Mon Aug 28 16:25:15.180 2023][libcsd]Function: dump_http_headers Thread Id: 0x6F2A7000 File: /tmp/build/thehoff/Phoenix_MR70.789804814981/Phoenix_MR7/posture/common/libhstransport/hs_httpheader.c Line: 437 Level: debug :: Connection: Keep-Alive
[Mon Aug 28 16:25:15.180 2023][libcsd]Function: dump_http_headers Thread Id: 0x6F2A7000 File: /tmp/build/thehoff/Phoenix_MR70.789804814981/Phoenix_MR7/posture/common/libhstransport/hs_httpheader.c Line: 437 Level: debug :: Date: Mon, 28 Aug 2023 23:25:15 GMT
[Mon Aug 28 16:25:15.180 2023][libcsd]Function: dump_http_headers Thread Id: 0x6F2A7000 File: /tmp/build/thehoff/Phoenix_MR70.789804814981/Phoenix_MR7/posture/common/libhstransport/hs_httpheader.c Line: 437 Level: debug :: X-Frame-Options: SAMEORIGIN
[Mon Aug 28 16:25:15.180 2023][libcsd]Function: dump_http_headers Thread Id: 0x6F2A7000 File: /tmp/build/thehoff/Phoenix_MR70.789804814981/Phoenix_MR7/posture/common/libhstransport/hs_httpheader.c Line: 437 Level: debug :: Strict-Transport-Security: max-age=31536000; includeSubDomains
[Mon Aug 28 16:25:15.180 2023][libcsd]Function: dump_http_headers Thread Id: 0x6F2A7000 File: /tmp/build/thehoff/Phoenix_MR70.789804814981/Phoenix_MR7/posture/common/libhstransport/hs_httpheader.c Line: 437 Level: debug :: X-Content-Type-Options: nosniff
[Mon Aug 28 16:25:15.180 2023][libcsd]Function: dump_http_headers Thread Id: 0x6F2A7000 File: /tmp/build/thehoff/Phoenix_MR70.789804814981/Phoenix_MR7/posture/common/libhstransport/hs_httpheader.c Line: 437 Level: debug :: X-XSS-Protection: 1
[Mon Aug 28 16:25:15.180 2023][libcsd]Function: dump_http_headers Thread Id: 0x6F2A7000 File: /tmp/build/thehoff/Phoenix_MR70.789804814981/Phoenix_MR7/posture/common/libhstransport/hs_httpheader.c Line: 437 Level: debug :: Content-Security-Policy: default-src 'self' 'unsafe-inline' 'unsafe-eval' data: blob:; frame-ancestors 'self'
[Mon Aug 28 16:25:15.180 2023][libcsd]Function: dump_http_headers Thread Id: 0x6F2A7000 File: /tmp/build/thehoff/Phoenix_MR70.789804814981/Phoenix_MR7/posture/common/libhstransport/hs_httpheader.c Line: 442 Level: debug :: --------------------
[Mon Aug 28 16:25:15.180 2023][libcsd]Function: parse_response_headers Thread Id: 0x6F2A7000 File: /tmp/build/thehoff/Phoenix_MR70.789804814981/Phoenix_MR7/posture/common/libhstransport/hs_transport.c Line: 174 Level: trace :: parsing http headers done
[Mon Aug 28 16:25:15.180 2023][libcsd]Function: process_response_headers Thread Id: 0x6F2A7000 File: /tmp/build/thehoff/Phoenix_MR70.789804814981/Phoenix_MR7/posture/common/libhstransport/hs_transport.c Line: 250 Level: trace :: processing http response headers done
[Mon Aug 28 16:25:15.180 2023][libcsd]Function: hs_transport_get Thread Id: 0x6F2A7000 File: /tmp/build/thehoff/Phoenix_MR70.789804814981/Phoenix_MR7/posture/common/libhstransport/hs_transport.c Line: 1516 Level: trace :: sending get request done
[Mon Aug 28 16:25:15.180 2023][libcsd]Function: hs_transport_get_data Thread Id: 0x6F2A7000 File: /tmp/build/thehoff/Phoenix_MR70.789804814981/Phoenix_MR7/posture/common/libhstransport/hs_transport.c Line: 1645 Level: trace :: getting data
[Mon Aug 28 16:25:15.180 2023][libcsd]Function: hs_transport_get_data Thread Id: 0x6F2A7000 File: /tmp/build/thehoff/Phoenix_MR70.789804814981/Phoenix_MR7/posture/common/libhstransport/hs_transport.c Line: 1661 Level: trace :: --- http data ---
todo 
[Mon Aug 28 16:25:15.180 2023][libcsd]Function: hs_transport_get_data Thread Id: 0x6F2A7000 File: /tmp/build/thehoff/Phoenix_MR70.789804814981/Phoenix_MR7/posture/common/libhstransport/hs_transport.c Line: 1665 Level: trace :: getting data done
[Mon Aug 28 16:25:15.180 2023][libcsd]Function: hs_transport_get_data Thread Id: 0x6F2A7000 File: /tmp/build/thehoff/Phoenix_MR70.789804814981/Phoenix_MR7/posture/common/libhstransport/hs_transport.c Line: 1645 Level: trace :: getting data
[Mon Aug 28 16:25:15.180 2023][libcsd]Function: hs_transport_get_data Thread Id: 0x6F2A7000 File: /tmp/build/thehoff/Phoenix_MR70.789804814981/Phoenix_MR7/posture/common/libhstransport/hs_transport.c Line: 1661 Level: trace :: --- http data ---
todo 
[Mon Aug 28 16:25:15.180 2023][libcsd]Function: hs_transport_get_data Thread Id: 0x6F2A7000 File: /tmp/build/thehoff/Phoenix_MR70.789804814981/Phoenix_MR7/posture/common/libhstransport/hs_transport.c Line: 1665 Level: trace :: getting data done
[Mon Aug 28 16:25:15.180 2023][libcsd]Function: hs_download_file_to_buffer_s Thread Id: 0x6F2A7000 File: /tmp/build/thehoff/Phoenix_MR70.789804814981/Phoenix_MR7/posture/common/libdownload/hs_download.c Line: 647 Level: debug :: downloaded file: /CACHE/sdesktop/hostscan/darwin_x64_appid/manifest (667 bytes)
[Mon Aug 28 16:25:15.180 2023][libcsd]Function: hs_add_to_cache Thread Id: 0x6F2A7000 File: /tmp/build/thehoff/Phoenix_MR70.789804814981/Phoenix_MR7/posture/asa/libhscore/hs_cache.c Line: 76 Level: debug :: Setting cache for '0'
[Mon Aug 28 16:25:15.180 2023][libcsd]Function: download_manifest Thread Id: 0x6F2A7000 File: /tmp/build/thehoff/Phoenix_MR70.789804814981/Phoenix_MR7/posture/asa/libupdate/update.c Line: 96 Level: debug :: manifest data downloaded: /CACHE/sdesktop/hostscan/darwin_x64_appid/manifest
[Mon Aug 28 16:25:15.207 2023][libcsd]Function: verify_file Thread Id: 0x6F2A7000 File: /tmp/build/thehoff/Phoenix_MR70.789804814981/Phoenix_MR7/posture/asa/libupdate/update.c Line: 185 Level: debug :: MD5 not found in manifest: 43352a9cb0cf9fc0c8e8b476fcc2f6df
[Mon Aug 28 16:25:15.207 2023][libcsd]Function: hs_transport_uriencode Thread Id: 0x6F2A7000 File: /tmp/build/thehoff/Phoenix_MR70.789804814981/Phoenix_MR7/posture/common/libhstransport/hs_transport.c Line: 1320 Level: trace :: uri-encoding string
[Mon Aug 28 16:25:15.207 2023][libcsd]Function: hs_transport_uriencode Thread Id: 0x6F2A7000 File: /tmp/build/thehoff/Phoenix_MR70.789804814981/Phoenix_MR7/posture/common/libhstransport/hs_transport.c Line: 1340 Level: trace :: unencoded: (cscan.gz)
[Mon Aug 28 16:25:15.207 2023][libcsd]Function: hs_transport_uriencode Thread Id: 0x6F2A7000 File: /tmp/build/thehoff/Phoenix_MR70.789804814981/Phoenix_MR7/posture/common/libhstransport/hs_transport.c Line: 1346 Level: trace :: uri-encoding string done
[Mon Aug 28 16:25:15.207 2023][libcsd]Function: hs_transport_uriencode Thread Id: 0x6F2A7000 File: /tmp/build/thehoff/Phoenix_MR70.789804814981/Phoenix_MR7/posture/common/libhstransport/hs_transport.c Line: 1347 Level: trace :: encoded: (cscan.gz)
[Mon Aug 28 16:25:15.207 2023][libcsd]Function: update_file Thread Id: 0x6F2A7000 File: /tmp/build/thehoff/Phoenix_MR70.789804814981/Phoenix_MR7/posture/asa/libupdate/update.c Line: 299 Level: debug :: downloading to (/Users/mananshah/.cisco/hostscan/bin64/cscan.gz) and upacking to (/Users/mananshah/.cisco/hostscan/bin64/cscan)
[Mon Aug 28 16:25:15.207 2023][libcsd]Function: hs_download_file_s Thread Id: 0x6F2A7000 File: /tmp/build/thehoff/Phoenix_MR70.789804814981/Phoenix_MR7/posture/common/libdownload/hs_download.c Line: 502 Level: debug :: attempting to download file: /CACHE/sdesktop/hostscan/darwin_x64_appid/cscan.gz
[Mon Aug 28 16:25:15.207 2023][libcsd]Function: hs_transport_setpeer Thread Id: 0x6F2A7000 File: /tmp/build/thehoff/Phoenix_MR70.789804814981/Phoenix_MR7/posture/common/libhstransport/hs_transport.c Line: 1116 Level: trace :: setting peer
[Mon Aug 28 16:25:15.207 2023][libcsd]Function: hs_transport_setpeer Thread Id: 0x6F2A7000 File: /tmp/build/thehoff/Phoenix_MR70.789804814981/Phoenix_MR7/posture/common/libhstransport/hs_transport.c Line: 1148 Level: trace :: setting l2 peer: (https://128.200.205.245)
[Mon Aug 28 16:25:15.207 2023][libcsd]Function: hs_transport_curl_resolve_sni Thread Id: 0x6F2A7000 File: /tmp/build/thehoff/Phoenix_MR70.789804814981/Phoenix_MR7/posture/common/libhstransport/hs_transport_curl.c Line: 2342 Level: trace :: setting l2 peer: (128.200.205.245) and resolve : (vpn.uci.edu)
[Mon Aug 28 16:25:15.207 2023][libcsd]Function: hs_transport_curl_resolve_sni Thread Id: 0x6F2A7000 File: /tmp/build/thehoff/Phoenix_MR70.789804814981/Phoenix_MR7/posture/common/libhstransport/hs_transport_curl.c Line: 2347 Level: trace :: resolve list: (vpn.uci.edu:443:128.200.205.245)
[Mon Aug 28 16:25:15.207 2023][libcsd]Function: hs_transport_curl_setpeer Thread Id: 0x6F2A7000 File: /tmp/build/thehoff/Phoenix_MR70.789804814981/Phoenix_MR7/posture/common/libhstransport/hs_transport_curl.c Line: 2420 Level: debug :: Using SNI
[Mon Aug 28 16:25:15.207 2023][libcsd]Function: hs_transport_setpeer Thread Id: 0x6F2A7000 File: /tmp/build/thehoff/Phoenix_MR70.789804814981/Phoenix_MR7/posture/common/libhstransport/hs_transport.c Line: 1160 Level: trace :: setting peer done. peer = https://128.200.205.245, referrer = https://128.200.205.245
[Mon Aug 28 16:25:15.207 2023][libcsd]Function: hs_transport_setredircount Thread Id: 0x6F2A7000 File: /tmp/build/thehoff/Phoenix_MR70.789804814981/Phoenix_MR7/posture/common/libhstransport/hs_transport.c Line: 1806 Level: trace :: setting redirects
[Mon Aug 28 16:25:15.207 2023][libcsd]Function: hs_transport_setredircount Thread Id: 0x6F2A7000 File: /tmp/build/thehoff/Phoenix_MR70.789804814981/Phoenix_MR7/posture/common/libhstransport/hs_transport.c Line: 1814 Level: trace :: setting redirects: (10)
[Mon Aug 28 16:25:15.207 2023][libcsd]Function: hs_transport_setredircount Thread Id: 0x6F2A7000 File: /tmp/build/thehoff/Phoenix_MR70.789804814981/Phoenix_MR7/posture/common/libhstransport/hs_transport.c Line: 1821 Level: trace :: setting redirects done
[Mon Aug 28 16:25:15.207 2023][libcsd]Function: hs_transport_get Thread Id: 0x6F2A7000 File: /tmp/build/thehoff/Phoenix_MR70.789804814981/Phoenix_MR7/posture/common/libhstransport/hs_transport.c Line: 1446 Level: trace :: sending get request
[Mon Aug 28 16:25:19.875 2023][libcsd]Function: process_response_headers Thread Id: 0x6F2A7000 File: /tmp/build/thehoff/Phoenix_MR70.789804814981/Phoenix_MR7/posture/common/libhstransport/hs_transport.c Line: 185 Level: trace :: processing http response headers
[Mon Aug 28 16:25:19.875 2023][libcsd]Function: process_response_headers Thread Id: 0x6F2A7000 File: /tmp/build/thehoff/Phoenix_MR70.789804814981/Phoenix_MR7/posture/common/libhstransport/hs_transport.c Line: 193 Level: trace :: getting http headers from l2
[Mon Aug 28 16:25:19.875 2023][libcsd]Function: process_response_headers Thread Id: 0x6F2A7000 File: /tmp/build/thehoff/Phoenix_MR70.789804814981/Phoenix_MR7/posture/common/libhstransport/hs_transport.c Line: 232 Level: trace :: getting http headers headers from l2 done
[Mon Aug 28 16:25:19.876 2023][libcsd]Function: parse_response_headers Thread Id: 0x6F2A7000 File: /tmp/build/thehoff/Phoenix_MR70.789804814981/Phoenix_MR7/posture/common/libhstransport/hs_transport.c Line: 124 Level: trace :: parsing http headers
[Mon Aug 28 16:25:19.876 2023][libcsd]Function: parse_response_headers Thread Id: 0x6F2A7000 File: /tmp/build/thehoff/Phoenix_MR70.789804814981/Phoenix_MR7/posture/common/libhstransport/hs_transport.c Line: 144 Level: trace :: Calling populate_http_headers_list
[Mon Aug 28 16:25:19.876 2023][libcsd]Function: parse_response_headers Thread Id: 0x6F2A7000 File: /tmp/build/thehoff/Phoenix_MR70.789804814981/Phoenix_MR7/posture/common/libhstransport/hs_transport.c Line: 158 Level: trace :: Calling dump_http_headers
[Mon Aug 28 16:25:19.876 2023][libcsd]Function: dump_http_headers Thread Id: 0x6F2A7000 File: /tmp/build/thehoff/Phoenix_MR70.789804814981/Phoenix_MR7/posture/common/libhstransport/hs_httpheader.c Line: 430 Level: debug :: --- Http Response Headers ---
[Mon Aug 28 16:25:19.876 2023][libcsd]Function: dump_http_headers Thread Id: 0x6F2A7000 File: /tmp/build/thehoff/Phoenix_MR70.789804814981/Phoenix_MR7/posture/common/libhstransport/hs_httpheader.c Line: 437 Level: debug :: HTTP-Version: 1.1
[Mon Aug 28 16:25:19.876 2023][libcsd]Function: dump_http_headers Thread Id: 0x6F2A7000 File: /tmp/build/thehoff/Phoenix_MR70.789804814981/Phoenix_MR7/posture/common/libhstransport/hs_httpheader.c Line: 437 Level: debug :: Status-Code: 200
[Mon Aug 28 16:25:19.876 2023][libcsd]Function: dump_http_headers Thread Id: 0x6F2A7000 File: /tmp/build/thehoff/Phoenix_MR70.789804814981/Phoenix_MR7/posture/common/libhstransport/hs_httpheader.c Line: 437 Level: debug :: Content-Length: 2693288
[Mon Aug 28 16:25:19.876 2023][libcsd]Function: dump_http_headers Thread Id: 0x6F2A7000 File: /tmp/build/thehoff/Phoenix_MR70.789804814981/Phoenix_MR7/posture/common/libhstransport/hs_httpheader.c Line: 437 Level: debug :: Cache-Control: max-age=6000
[Mon Aug 28 16:25:19.876 2023][libcsd]Function: dump_http_headers Thread Id: 0x6F2A7000 File: /tmp/build/thehoff/Phoenix_MR70.789804814981/Phoenix_MR7/posture/common/libhstransport/hs_httpheader.c Line: 437 Level: debug :: Connection: Keep-Alive
[Mon Aug 28 16:25:19.876 2023][libcsd]Function: dump_http_headers Thread Id: 0x6F2A7000 File: /tmp/build/thehoff/Phoenix_MR70.789804814981/Phoenix_MR7/posture/common/libhstransport/hs_httpheader.c Line: 437 Level: debug :: Date: Mon, 28 Aug 2023 23:25:15 GMT
[Mon Aug 28 16:25:19.876 2023][libcsd]Function: dump_http_headers Thread Id: 0x6F2A7000 File: /tmp/build/thehoff/Phoenix_MR70.789804814981/Phoenix_MR7/posture/common/libhstransport/hs_httpheader.c Line: 437 Level: debug :: X-Frame-Options: SAMEORIGIN
[Mon Aug 28 16:25:19.876 2023][libcsd]Function: dump_http_headers Thread Id: 0x6F2A7000 File: /tmp/build/thehoff/Phoenix_MR70.789804814981/Phoenix_MR7/posture/common/libhstransport/hs_httpheader.c Line: 437 Level: debug :: Strict-Transport-Security: max-age=31536000; includeSubDomains
[Mon Aug 28 16:25:19.876 2023][libcsd]Function: dump_http_headers Thread Id: 0x6F2A7000 File: /tmp/build/thehoff/Phoenix_MR70.789804814981/Phoenix_MR7/posture/common/libhstransport/hs_httpheader.c Line: 437 Level: debug :: X-Content-Type-Options: nosniff
[Mon Aug 28 16:25:19.876 2023][libcsd]Function: dump_http_headers Thread Id: 0x6F2A7000 File: /tmp/build/thehoff/Phoenix_MR70.789804814981/Phoenix_MR7/posture/common/libhstransport/hs_httpheader.c Line: 437 Level: debug :: X-XSS-Protection: 1
[Mon Aug 28 16:25:19.876 2023][libcsd]Function: dump_http_headers Thread Id: 0x6F2A7000 File: /tmp/build/thehoff/Phoenix_MR70.789804814981/Phoenix_MR7/posture/common/libhstransport/hs_httpheader.c Line: 437 Level: debug :: Content-Security-Policy: default-src 'self' 'unsafe-inline' 'unsafe-eval' data: blob:; frame-ancestors 'self'
[Mon Aug 28 16:25:19.876 2023][libcsd]Function: dump_http_headers Thread Id: 0x6F2A7000 File: /tmp/build/thehoff/Phoenix_MR70.789804814981/Phoenix_MR7/posture/common/libhstransport/hs_httpheader.c Line: 442 Level: debug :: --------------------
[Mon Aug 28 16:25:19.876 2023][libcsd]Function: parse_response_headers Thread Id: 0x6F2A7000 File: /tmp/build/thehoff/Phoenix_MR70.789804814981/Phoenix_MR7/posture/common/libhstransport/hs_transport.c Line: 174 Level: trace :: parsing http headers done
[Mon Aug 28 16:25:19.876 2023][libcsd]Function: process_response_headers Thread Id: 0x6F2A7000 File: /tmp/build/thehoff/Phoenix_MR70.789804814981/Phoenix_MR7/posture/common/libhstransport/hs_transport.c Line: 250 Level: trace :: processing http response headers done
[Mon Aug 28 16:25:19.876 2023][libcsd]Function: hs_transport_get Thread Id: 0x6F2A7000 File: /tmp/build/thehoff/Phoenix_MR70.789804814981/Phoenix_MR7/posture/common/libhstransport/hs_transport.c Line: 1516 Level: trace :: sending get request done
[Mon Aug 28 16:25:19.876 2023][libcsd]Function: hs_transport_get_data_to_file Thread Id: 0x6F2A7000 File: /tmp/build/thehoff/Phoenix_MR70.789804814981/Phoenix_MR7/posture/common/libhstransport/hs_transport.c Line: 1681 Level: trace :: getting data to file
[Mon Aug 28 16:25:19.891 2023][libcsd]Function: hs_transport_get_data_to_file Thread Id: 0x6F2A7000 File: /tmp/build/thehoff/Phoenix_MR70.789804814981/Phoenix_MR7/posture/common/libhstransport/hs_transport.c Line: 1699 Level: trace :: getting data to file done
[Mon Aug 28 16:25:19.891 2023][libcsd]Function: hs_download_file_s Thread Id: 0x6F2A7000 File: /tmp/build/thehoff/Phoenix_MR70.789804814981/Phoenix_MR7/posture/common/libdownload/hs_download.c Line: 538 Level: debug :: downloaded file: /Users/mananshah/.cisco/hostscan/bin64/cscan.gz
[Mon Aug 28 16:25:19.931 2023][libcsd]Function: hs_download_file_s Thread Id: 0x6F2A7000 File: /tmp/build/thehoff/Phoenix_MR70.789804814981/Phoenix_MR7/posture/common/libdownload/hs_download.c Line: 547 Level: debug :: decompressed: /Users/mananshah/.cisco/hostscan/bin64/cscan.gz
[Mon Aug 28 16:25:19.931 2023][libcsd]Function: update_file Thread Id: 0x6F2A7000 File: /tmp/build/thehoff/Phoenix_MR70.789804814981/Phoenix_MR7/posture/asa/libupdate/update.c Line: 357 Level: debug :: now installing (/Users/mananshah/.cisco/hostscan/bin64/cscan) to (/opt/cisco/hostscan/bin64/cscan)
[Mon Aug 28 16:25:20.576 2023][libcsd]Function: priv_perform Thread Id: 0x6F2A7000 File: /tmp/build/thehoff/Phoenix_MR70.789804814981/Phoenix_MR7/posture/asa/libpriv/libpriv.c Line: 126 Level: debug :: received response msg.
[Mon Aug 28 16:25:20.576 2023][libcsd]Function: hs_priv_file_copy Thread Id: 0x6F2A7000 File: /tmp/build/thehoff/Phoenix_MR70.789804814981/Phoenix_MR7/posture/asa/libpriv/libpriv.c Line: 232 Level: debug :: priv_file_copy success.
[Mon Aug 28 16:25:20.577 2023][libcsd]Function: priv_perform Thread Id: 0x6F2A7000 File: /tmp/build/thehoff/Phoenix_MR70.789804814981/Phoenix_MR7/posture/asa/libpriv/libpriv.c Line: 126 Level: debug :: received response msg.
[Mon Aug 28 16:25:20.577 2023][libcsd]Function: hs_priv_file_make_executable Thread Id: 0x6F2A7000 File: /tmp/build/thehoff/Phoenix_MR70.789804814981/Phoenix_MR7/posture/asa/libpriv/libpriv.c Line: 320 Level: debug :: priv_file_make_executable success.
[Mon Aug 28 16:25:20.577 2023][libcsd]Function: verify_file Thread Id: 0x6F2A7000 File: /tmp/build/thehoff/Phoenix_MR70.789804814981/Phoenix_MR7/posture/asa/libupdate/update.c Line: 139 Level: debug :: verifying file: /opt/cisco/hostscan/bin64/cscan
[Mon Aug 28 16:25:20.602 2023][libcsd]Function: verify_file Thread Id: 0x6F2A7000 File: /tmp/build/thehoff/Phoenix_MR70.789804814981/Phoenix_MR7/posture/asa/libupdate/update.c Line: 189 Level: debug :: file has been verified: (/opt/cisco/hostscan/bin64/cscan)
[Mon Aug 28 16:25:20.602 2023][libcsd]Function: arg_set Thread Id: 0x6F2A7000 File: /tmp/build/thehoff/Phoenix_MR70.789804814981/Phoenix_MR7/posture/asa/libcsd/args.c Line: 98 Level: debug :: set argument (host)=(https://128.200.205.245)
[Mon Aug 28 16:25:20.602 2023][libcsd]Function: asa_is_token_renewal_running Thread Id: 0x6F2A7000 File: /tmp/build/thehoff/Phoenix_MR70.789804814981/Phoenix_MR7/posture/asa/libasa/asa.c Line: 1032 Level: debug :: Token renewal running
[Mon Aug 28 16:25:20.602 2023][libcsd]Function: asa_end_token_renewal Thread Id: 0x6F2A7000 File: /tmp/build/thehoff/Phoenix_MR70.789804814981/Phoenix_MR7/posture/asa/libasa/asa.c Line: 1084 Level: debug :: Delivering signal
[Mon Aug 28 16:25:20.602 2023][libcsd]Function: asa_end_token_renewal Thread Id: 0x6F2A7000 File: /tmp/build/thehoff/Phoenix_MR70.789804814981/Phoenix_MR7/posture/asa/libasa/asa.c Line: 1094 Level: debug :: Waiting for thread to complete
[Mon Aug 28 16:25:20.602 2023][libcsd]Function: hs_thread_cond_wait_and_call Thread Id: 0x6F707000 File: /tmp/build/thehoff/Phoenix_MR70.789804814981/Phoenix_MR7/posture/common/libcommon/hs_thread.c Line: 588 Level: debug :: Received signal to exit thread
[Mon Aug 28 16:25:20.602 2023][libcsd]Function: asa_end_token_renewal Thread Id: 0x6F2A7000 File: /tmp/build/thehoff/Phoenix_MR70.789804814981/Phoenix_MR7/posture/asa/libasa/asa.c Line: 1096 Level: debug :: Thread completed
[Mon Aug 28 16:25:20.602 2023][libcsd]Function: libcsd_ipc_init_server Thread Id: 0x6F2A7000 File: /tmp/build/thehoff/Phoenix_MR70.789804814981/Phoenix_MR7/posture/asa/libcsd/libcsd_ipc.c Line: 186 Level: debug :: libcsd server is listening on (127.0.0.1:60808)
[Mon Aug 28 16:25:20.602 2023][libcsd]Function: hs_file_verify_with_killdate Thread Id: 0x6F2A7000 File: /tmp/build/thehoff/Phoenix_MR70.789804814981/Phoenix_MR7/posture/common/libcommon/hs_file_verify_mac.c Line: 814 Level: debug :: verifying file signature: file = [/opt/cisco/hostscan/bin64/cscan], signer = [DE8Y96K9QP], type = [1]
[Mon Aug 28 16:25:20.616 2023][libcsd]Function: hs_launch_process_return_pid Thread Id: 0x6F2A7000 File: /tmp/build/thehoff/Phoenix_MR70.789804814981/Phoenix_MR7/posture/common/libcommon/hs_process.c Line: 887 Level: debug :: launching executable (/opt/cisco/hostscan/bin64/cscan)
[Mon Aug 28 16:25:20.783 2023][libcsd]Function: new_connection_cb Thread Id: 0x6F2A7000 File: /tmp/build/thehoff/Phoenix_MR70.789804814981/Phoenix_MR7/posture/asa/libcsd/csd_api.c Line: 68 Level: all :: *** new connection [6000024c9680] from pid: [0] ***
[Mon Aug 28 16:25:20.784 2023][libcsd]Function: csd_prelogin Thread Id: 0x6F2A7000 File: /tmp/build/thehoff/Phoenix_MR70.789804814981/Phoenix_MR7/posture/asa/libcsd/csd_api.c Line: 1028 Level: debug :: arguments sent to scanner, starting prelogin.
[Mon Aug 28 16:25:20.784 2023][libcsd]Function: csd_prelogin Thread Id: 0x6F2A7000 File: /tmp/build/thehoff/Phoenix_MR70.789804814981/Phoenix_MR7/posture/asa/libcsd/csd_api.c Line: 1038 Level: debug :: prelogin started.
[Mon Aug 28 16:25:21.275 2023][libcsd]Function: csd_prelogin Thread Id: 0x6F2A7000 File: /tmp/build/thehoff/Phoenix_MR70.789804814981/Phoenix_MR7/posture/asa/libcsd/csd_api.c Line: 1044 Level: all :: libcsd prelogin returns 0. 
[Mon Aug 28 16:25:21.275 2023][libcsd]Function: csd_run Thread Id: 0x6F2A7000 File: /tmp/build/thehoff/Phoenix_MR70.789804814981/Phoenix_MR7/posture/asa/libcsd/csd_api.c Line: 1102 Level: debug :: csd_run().
[Mon Aug 28 16:25:21.275 2023][libcsd]Function: csd_run Thread Id: 0x6F2A7000 File: /tmp/build/thehoff/Phoenix_MR70.789804814981/Phoenix_MR7/posture/asa/libcsd/csd_api.c Line: 1114 Level: debug :: spawning thread to handle scan session.
[Mon Aug 28 16:27:38.145 2023][libcsd]Function: csd_free Thread Id: 0x6F333000 File: /tmp/build/thehoff/Phoenix_MR70.789804814981/Phoenix_MR7/posture/asa/libcsd/csd_api.c Line: 623 Level: debug :: csd_free()
[Mon Aug 28 16:27:38.145 2023][libcsd]Function: csd_free Thread Id: 0x6F333000 File: /tmp/build/thehoff/Phoenix_MR70.789804814981/Phoenix_MR7/posture/asa/libcsd/csd_api.c Line: 633 Level: debug :: shutting down posture library, killing scanner...
[Mon Aug 28 16:27:38.151 2023][libcsd]Function: hs_try_get_process_exit_code Thread Id: 0x6F333000 File: /tmp/build/thehoff/Phoenix_MR70.789804814981/Phoenix_MR7/posture/common/libcommon/hs_process.c Line: 2291 Level: debug :: attempt(1) to collect exitcode of process(id:58904)
[Mon Aug 28 16:27:38.154 2023][libcsd]Function: reset_connection_cb Thread Id: 0x6F707000 File: /tmp/build/thehoff/Phoenix_MR70.789804814981/Phoenix_MR7/posture/asa/libcsd/csd_api.c Line: 90 Level: all :: *** reset connection [6000024c9680] from pid: [0] ***
[Mon Aug 28 16:27:38.154 2023][libcsd]Function: run_loop Thread Id: 0x6F707000 File: /tmp/build/thehoff/Phoenix_MR70.789804814981/Phoenix_MR7/posture/asa/libcsd/csd_api.c Line: 220 Level: debug :: error occurred, exit run thread.
[Mon Aug 28 16:27:38.154 2023][libcsd]Function: run_loop Thread Id: 0x6F707000 File: /tmp/build/thehoff/Phoenix_MR70.789804814981/Phoenix_MR7/posture/asa/libcsd/csd_api.c Line: 229 Level: debug :: libcsd IPC thread exiting.
[Mon Aug 28 16:27:38.456 2023][libcsd]Function: hs_try_get_process_exit_code Thread Id: 0x6F333000 File: /tmp/build/thehoff/Phoenix_MR70.789804814981/Phoenix_MR7/posture/common/libcommon/hs_process.c Line: 2291 Level: debug :: attempt(2) to collect exitcode of process(id:58904)
[Mon Aug 28 16:27:38.456 2023][libcsd]Function: hs_try_get_process_exit_code Thread Id: 0x6F333000 File: /tmp/build/thehoff/Phoenix_MR70.789804814981/Phoenix_MR7/posture/common/libcommon/hs_process.c Line: 2295 Level: debug :: collected exitcode(15) of process(id:58904)
[Mon Aug 28 16:27:38.457 2023][libcsd]Function: csd_free Thread Id: 0x6F333000 File: /tmp/build/thehoff/Phoenix_MR70.789804814981/Phoenix_MR7/posture/asa/libcsd/csd_api.c Line: 636 Level: debug :: waiting for scan thread to terminate.
[Mon Aug 28 16:27:38.457 2023][libcsd]Function: csd_free Thread Id: 0x6F333000 File: /tmp/build/thehoff/Phoenix_MR70.789804814981/Phoenix_MR7/posture/asa/libcsd/csd_api.c Line: 638 Level: debug :: scan thread terminated.
[Mon Aug 28 16:27:38.457 2023][libcsd]Function: csd_free Thread Id: 0x6F333000 File: /tmp/build/thehoff/Phoenix_MR70.789804814981/Phoenix_MR7/posture/asa/libcsd/csd_api.c Line: 649 Level: all :: goodbye.
[Mon Aug 28 16:27:38.458 2023][libcsd]Function: hs_log_free Thread Id: 0x6F333000 File: /tmp/build/thehoff/Phoenix_MR70.789804814981/Phoenix_MR7/posture/common/libcommon/hs_log.c Line: 455 Level: info :: Logging system shutdown
[Mon Aug 28 16:35:31.853 2023][libcsd]Function: csd_init Thread Id: 0x6DC1F000 File: /tmp/build/thehoff/Phoenix_MR70.789804814981/Phoenix_MR7/posture/asa/libcsd/csd_api.c Line: 555 Level: all :: hello
[Mon Aug 28 16:35:31.853 2023][libcsd]Function: csd_init Thread Id: 0x6DC1F000 File: /tmp/build/thehoff/Phoenix_MR70.789804814981/Phoenix_MR7/posture/asa/libcsd/csd_api.c Line: 556 Level: all :: libcsd.dylib version 4.10.07061
[Mon Aug 28 16:35:31.853 2023][libcsd]Function: hs_transport_init Thread Id: 0x6DC1F000 File: /tmp/build/thehoff/Phoenix_MR70.789804814981/Phoenix_MR7/posture/common/libhstransport/hs_transport.c Line: 284 Level: trace :: initialization
[Mon Aug 28 16:35:31.856 2023][libcsd]Function: hs_transport_curl_set_options Thread Id: 0x6DC1F000 File: /tmp/build/thehoff/Phoenix_MR70.789804814981/Phoenix_MR7/posture/common/libhstransport/hs_transport_curl.c Line: 756 Level: debug :: Setting TLS version option
[Mon Aug 28 16:35:31.857 2023][libcsd]Function: hs_transport_init Thread Id: 0x6DC1F000 File: /tmp/build/thehoff/Phoenix_MR70.789804814981/Phoenix_MR7/posture/common/libhstransport/hs_transport.c Line: 323 Level: debug :: using libcurl
[Mon Aug 28 16:35:31.857 2023][libcsd]Function: hs_transport_sethttpver Thread Id: 0x6DC1F000 File: /tmp/build/thehoff/Phoenix_MR70.789804814981/Phoenix_MR7/posture/common/libhstransport/hs_transport.c Line: 861 Level: trace :: setting http version
[Mon Aug 28 16:35:31.857 2023][libcsd]Function: hs_transport_sethttpver Thread Id: 0x6DC1F000 File: /tmp/build/thehoff/Phoenix_MR70.789804814981/Phoenix_MR7/posture/common/libhstransport/hs_transport.c Line: 879 Level: trace :: setting http version done
[Mon Aug 28 16:35:31.857 2023][libcsd]Function: hs_transport_init Thread Id: 0x6DC1F000 File: /tmp/build/thehoff/Phoenix_MR70.789804814981/Phoenix_MR7/posture/common/libhstransport/hs_transport.c Line: 592 Level: trace :: accepting all http versions
[Mon Aug 28 16:35:31.857 2023][libcsd]Function: hs_transport_setconntimeout Thread Id: 0x6DC1F000 File: /tmp/build/thehoff/Phoenix_MR70.789804814981/Phoenix_MR7/posture/common/libhstransport/hs_transport.c Line: 895 Level: trace :: setting connection timeout
[Mon Aug 28 16:35:31.857 2023][libcsd]Function: hs_transport_setconntimeout Thread Id: 0x6DC1F000 File: /tmp/build/thehoff/Phoenix_MR70.789804814981/Phoenix_MR7/posture/common/libhstransport/hs_transport.c Line: 913 Level: trace :: setting connection timeout done
[Mon Aug 28 16:35:31.857 2023][libcsd]Function: hs_transport_init Thread Id: 0x6DC1F000 File: /tmp/build/thehoff/Phoenix_MR70.789804814981/Phoenix_MR7/posture/common/libhstransport/hs_transport.c Line: 595 Level: trace :: connect timeout = 90000
[Mon Aug 28 16:35:31.857 2023][libcsd]Function: hs_transport_setsendtimeout Thread Id: 0x6DC1F000 File: /tmp/build/thehoff/Phoenix_MR70.789804814981/Phoenix_MR7/posture/common/libhstransport/hs_transport.c Line: 965 Level: trace :: setting send timeout
[Mon Aug 28 16:35:31.857 2023][libcsd]Function: hs_transport_setsendtimeout Thread Id: 0x6DC1F000 File: /tmp/build/thehoff/Phoenix_MR70.789804814981/Phoenix_MR7/posture/common/libhstransport/hs_transport.c Line: 983 Level: trace :: setting send timeout done
[Mon Aug 28 16:35:31.857 2023][libcsd]Function: hs_transport_init Thread Id: 0x6DC1F000 File: /tmp/build/thehoff/Phoenix_MR70.789804814981/Phoenix_MR7/posture/common/libhstransport/hs_transport.c Line: 597 Level: trace :: send timeout = 90000
[Mon Aug 28 16:35:31.857 2023][libcsd]Function: hs_transport_setrecvtimeout Thread Id: 0x6DC1F000 File: /tmp/build/thehoff/Phoenix_MR70.789804814981/Phoenix_MR7/posture/common/libhstransport/hs_transport.c Line: 930 Level: trace :: setting receive timeout
[Mon Aug 28 16:35:31.857 2023][libcsd]Function: hs_transport_setrecvtimeout Thread Id: 0x6DC1F000 File: /tmp/build/thehoff/Phoenix_MR70.789804814981/Phoenix_MR7/posture/common/libhstransport/hs_transport.c Line: 948 Level: trace :: setting receive timeout done
[Mon Aug 28 16:35:31.857 2023][libcsd]Function: hs_transport_init Thread Id: 0x6DC1F000 File: /tmp/build/thehoff/Phoenix_MR70.789804814981/Phoenix_MR7/posture/common/libhstransport/hs_transport.c Line: 599 Level: trace :: receive timeout = 90000
[Mon Aug 28 16:35:31.857 2023][libcsd]Function: hs_transport_resetproxy Thread Id: 0x6DC1F000 File: /tmp/build/thehoff/Phoenix_MR70.789804814981/Phoenix_MR7/posture/common/libhstransport/hs_transport.c Line: 1773 Level: trace :: resetting proxy
[Mon Aug 28 16:35:31.857 2023][libcsd]Function: hs_transport_resetproxy Thread Id: 0x6DC1F000 File: /tmp/build/thehoff/Phoenix_MR70.789804814981/Phoenix_MR7/posture/common/libhstransport/hs_transport.c Line: 1791 Level: trace :: resetting proxy done
[Mon Aug 28 16:35:31.857 2023][libcsd]Function: hs_transport_init Thread Id: 0x6DC1F000 File: /tmp/build/thehoff/Phoenix_MR70.789804814981/Phoenix_MR7/posture/common/libhstransport/hs_transport.c Line: 617 Level: trace :: initialization done
[Mon Aug 28 16:35:31.857 2023][libcsd]Function: arg_set Thread Id: 0x6DC1F000 File: /tmp/build/thehoff/Phoenix_MR70.789804814981/Phoenix_MR7/posture/asa/libcsd/args.c Line: 98 Level: debug :: set argument (allow-updates)=(1)
[Mon Aug 28 16:35:31.857 2023][libcsd]Function: csd_setarg Thread Id: 0x6DC1F000 File: /tmp/build/thehoff/Phoenix_MR70.789804814981/Phoenix_MR7/posture/asa/libcsd/csd_api.c Line: 680 Level: debug :: received arg: (ticket)
[Mon Aug 28 16:35:31.857 2023][libcsd]Function: arg_set Thread Id: 0x6DC1F000 File: /tmp/build/thehoff/Phoenix_MR70.789804814981/Phoenix_MR7/posture/asa/libcsd/args.c Line: 94 Level: debug :: set argument (ticket)
[Mon Aug 28 16:35:31.857 2023][libcsd]Function: csd_setarg Thread Id: 0x6DC1F000 File: /tmp/build/thehoff/Phoenix_MR70.789804814981/Phoenix_MR7/posture/asa/libcsd/csd_api.c Line: 680 Level: debug :: received arg: (host)
[Mon Aug 28 16:35:31.857 2023][libcsd]Function: arg_set Thread Id: 0x6DC1F000 File: /tmp/build/thehoff/Phoenix_MR70.789804814981/Phoenix_MR7/posture/asa/libcsd/args.c Line: 98 Level: debug :: set argument (host)=(https://128.200.205.245)
[Mon Aug 28 16:35:31.857 2023][libcsd]Function: csd_setarg Thread Id: 0x6DC1F000 File: /tmp/build/thehoff/Phoenix_MR70.789804814981/Phoenix_MR7/posture/asa/libcsd/csd_api.c Line: 680 Level: debug :: received arg: (fqdn)
[Mon Aug 28 16:35:31.857 2023][libcsd]Function: arg_set Thread Id: 0x6DC1F000 File: /tmp/build/thehoff/Phoenix_MR70.789804814981/Phoenix_MR7/posture/asa/libcsd/args.c Line: 98 Level: debug :: set argument (fqdn)=(vpn.uci.edu)
[Mon Aug 28 16:35:31.857 2023][libcsd]Function: hs_transport_setSNI Thread Id: 0x6DC1F000 File: /tmp/build/thehoff/Phoenix_MR70.789804814981/Phoenix_MR7/posture/common/libhstransport/hs_transport.c Line: 1190 Level: trace :: setting resolve
[Mon Aug 28 16:35:31.857 2023][libcsd]Function: hs_transport_setSNI Thread Id: 0x6DC1F000 File: /tmp/build/thehoff/Phoenix_MR70.789804814981/Phoenix_MR7/posture/common/libhstransport/hs_transport.c Line: 1201 Level: trace :: setting resolve done. resolve = vpn.uci.edu
[Mon Aug 28 16:35:31.857 2023][libcsd]Function: csd_setarg Thread Id: 0x6DC1F000 File: /tmp/build/thehoff/Phoenix_MR70.789804814981/Phoenix_MR7/posture/asa/libcsd/csd_api.c Line: 680 Level: debug :: received arg: (stub)
[Mon Aug 28 16:35:31.857 2023][libcsd]Function: arg_set Thread Id: 0x6DC1F000 File: /tmp/build/thehoff/Phoenix_MR70.789804814981/Phoenix_MR7/posture/asa/libcsd/args.c Line: 98 Level: debug :: set argument (stub)=(0)
[Mon Aug 28 16:35:31.857 2023][libcsd]Function: csd_setarg Thread Id: 0x6DC1F000 File: /tmp/build/thehoff/Phoenix_MR70.789804814981/Phoenix_MR7/posture/asa/libcsd/csd_api.c Line: 680 Level: debug :: received arg: (group)
[Mon Aug 28 16:35:31.857 2023][libcsd]Function: csd_setarg Thread Id: 0x6DC1F000 File: /tmp/build/thehoff/Phoenix_MR70.789804814981/Phoenix_MR7/posture/asa/libcsd/csd_api.c Line: 680 Level: debug :: received arg: (server-certhash)
[Mon Aug 28 16:35:31.857 2023][libcsd]Function: arg_set Thread Id: 0x6DC1F000 File: /tmp/build/thehoff/Phoenix_MR70.789804814981/Phoenix_MR7/posture/asa/libcsd/args.c Line: 98 Level: debug :: set argument (server-certhash)=(sha1:2EE7AEE7B8A99935140E7149B10DC62B4BC815CE)
[Mon Aug 28 16:35:31.857 2023][libcsd]Function: csd_setarg Thread Id: 0x6DC1F000 File: /tmp/build/thehoff/Phoenix_MR70.789804814981/Phoenix_MR7/posture/asa/libcsd/csd_api.c Line: 680 Level: debug :: received arg: (langsel)
[Mon Aug 28 16:35:31.857 2023][libcsd]Function: arg_set Thread Id: 0x6DC1F000 File: /tmp/build/thehoff/Phoenix_MR70.789804814981/Phoenix_MR7/posture/asa/libcsd/args.c Line: 98 Level: debug :: set argument (langsel)=(langselen)
[Mon Aug 28 16:35:31.857 2023][libcsd]Function: csd_setarg Thread Id: 0x6DC1F000 File: /tmp/build/thehoff/Phoenix_MR70.789804814981/Phoenix_MR7/posture/asa/libcsd/csd_api.c Line: 680 Level: debug :: received arg: (vpnclient)
[Mon Aug 28 16:35:31.857 2023][libcsd]Function: arg_set Thread Id: 0x6DC1F000 File: /tmp/build/thehoff/Phoenix_MR70.789804814981/Phoenix_MR7/posture/asa/libcsd/args.c Line: 94 Level: debug :: set argument (vpnclient)
[Mon Aug 28 16:35:31.857 2023][libcsd]Function: csd_setarg Thread Id: 0x6DC1F000 File: /tmp/build/thehoff/Phoenix_MR70.789804814981/Phoenix_MR7/posture/asa/libcsd/csd_api.c Line: 680 Level: debug :: received arg: (url)
[Mon Aug 28 16:35:31.857 2023][libcsd]Function: arg_set Thread Id: 0x6DC1F000 File: /tmp/build/thehoff/Phoenix_MR70.789804814981/Phoenix_MR7/posture/asa/libcsd/args.c Line: 98 Level: debug :: set argument (url)=(https://vpn.uci.edu/CACHE/sdesktop/install/result.htm)
[Mon Aug 28 16:35:31.857 2023][libcsd]Function: csd_setarg Thread Id: 0x6DC1F000 File: /tmp/build/thehoff/Phoenix_MR70.789804814981/Phoenix_MR7/posture/asa/libcsd/csd_api.c Line: 680 Level: debug :: received arg: (user-pointer)
[Mon Aug 28 16:35:31.857 2023][libcsd]Function: csd_setarg Thread Id: 0x6DC1F000 File: /tmp/build/thehoff/Phoenix_MR70.789804814981/Phoenix_MR7/posture/asa/libcsd/csd_api.c Line: 680 Level: debug :: received arg: (state-callback)
[Mon Aug 28 16:35:31.857 2023][libcsd]Function: arg_set Thread Id: 0x6DC1F000 File: /tmp/build/thehoff/Phoenix_MR70.789804814981/Phoenix_MR7/posture/asa/libcsd/args.c Line: 98 Level: debug :: set argument (state-callback)=(1)
[Mon Aug 28 16:35:31.857 2023][libcsd]Function: csd_prelogin Thread Id: 0x6DC1F000 File: /tmp/build/thehoff/Phoenix_MR70.789804814981/Phoenix_MR7/posture/asa/libcsd/csd_api.c Line: 889 Level: debug :: libcsd prelogin started. 
[Mon Aug 28 16:35:31.857 2023][libcsd]Function: transport_init_hash Thread Id: 0x6DC1F000 File: /tmp/build/thehoff/Phoenix_MR70.789804814981/Phoenix_MR7/posture/asa/libcsd/csd_api.c Line: 800 Level: debug :: Provided (sha1) cert hash algorithm
[Mon Aug 28 16:35:31.857 2023][libcsd]Function: hs_transport_setcert Thread Id: 0x6DC1F000 File: /tmp/build/thehoff/Phoenix_MR70.789804814981/Phoenix_MR7/posture/common/libhstransport/hs_transport.c Line: 815 Level: trace :: init cert verify hash ... done
[Mon Aug 28 16:35:31.857 2023][libcsd]Function: asa_tok_ren_init Thread Id: 0x6DC1F000 File: /tmp/build/thehoff/Phoenix_MR70.789804814981/Phoenix_MR7/posture/asa/libasa/asa.c Line: 181 Level: debug :: cond init succeeded
[Mon Aug 28 16:35:31.857 2023][libcsd]Function: hs_transport_setpeer Thread Id: 0x6DC1F000 File: /tmp/build/thehoff/Phoenix_MR70.789804814981/Phoenix_MR7/posture/common/libhstransport/hs_transport.c Line: 1116 Level: trace :: setting peer
[Mon Aug 28 16:35:31.857 2023][libcsd]Function: hs_transport_setpeer Thread Id: 0x6DC1F000 File: /tmp/build/thehoff/Phoenix_MR70.789804814981/Phoenix_MR7/posture/common/libhstransport/hs_transport.c Line: 1148 Level: trace :: setting l2 peer: (https://128.200.205.245)
[Mon Aug 28 16:35:31.857 2023][libcsd]Function: hs_transport_curl_resolve_sni Thread Id: 0x6DC1F000 File: /tmp/build/thehoff/Phoenix_MR70.789804814981/Phoenix_MR7/posture/common/libhstransport/hs_transport_curl.c Line: 2342 Level: trace :: setting l2 peer: (128.200.205.245) and resolve : (vpn.uci.edu)
[Mon Aug 28 16:35:31.857 2023][libcsd]Function: hs_transport_curl_resolve_sni Thread Id: 0x6DC1F000 File: /tmp/build/thehoff/Phoenix_MR70.789804814981/Phoenix_MR7/posture/common/libhstransport/hs_transport_curl.c Line: 2347 Level: trace :: resolve list: (vpn.uci.edu:443:128.200.205.245)
[Mon Aug 28 16:35:31.857 2023][libcsd]Function: hs_transport_curl_setpeer Thread Id: 0x6DC1F000 File: /tmp/build/thehoff/Phoenix_MR70.789804814981/Phoenix_MR7/posture/common/libhstransport/hs_transport_curl.c Line: 2420 Level: debug :: Using SNI
[Mon Aug 28 16:35:31.857 2023][libcsd]Function: hs_transport_setpeer Thread Id: 0x6DC1F000 File: /tmp/build/thehoff/Phoenix_MR70.789804814981/Phoenix_MR7/posture/common/libhstransport/hs_transport.c Line: 1160 Level: trace :: setting peer done. peer = https://128.200.205.245, referrer = 
[Mon Aug 28 16:35:31.857 2023][libcsd]Function: hs_transport_setpeer Thread Id: 0x6DC1F000 File: /tmp/build/thehoff/Phoenix_MR70.789804814981/Phoenix_MR7/posture/common/libhstransport/hs_transport.c Line: 1172 Level: trace :: host changed
[Mon Aug 28 16:35:31.857 2023][libcsd]Function: hs_transport_detect_proxy Thread Id: 0x6DC1F000 File: /tmp/build/thehoff/Phoenix_MR70.789804814981/Phoenix_MR7/posture/common/libhstransport/hs_transport.c Line: 1065 Level: trace :: detecting proxy...
[Mon Aug 28 16:35:31.857 2023][libcsd]Function: hs_transport_curl_setproxy_none Thread Id: 0x6DC1F000 File: /tmp/build/thehoff/Phoenix_MR70.789804814981/Phoenix_MR7/posture/common/libhstransport/hs_transport_curl.c Line: 2534 Level: debug :: setting proxy to none
[Mon Aug 28 16:35:31.857 2023][libcsd]Function: hs_transport_detect_proxy Thread Id: 0x6DC1F000 File: /tmp/build/thehoff/Phoenix_MR70.789804814981/Phoenix_MR7/posture/common/libhstransport/hs_transport.c Line: 1072 Level: trace :: verifying proxy...
[Mon Aug 28 16:35:31.857 2023][libcsd]Function: hs_transport_probe Thread Id: 0x6DC1F000 File: /tmp/build/thehoff/Phoenix_MR70.789804814981/Phoenix_MR7/posture/common/libhstransport/hs_transport.c Line: 1406 Level: trace :: sending probe request
[Mon Aug 28 16:35:31.922 2023][libcsd]Function: ssl_fingerprint_verify_callback Thread Id: 0x6DC1F000 File: /tmp/build/thehoff/Phoenix_MR70.789804814981/Phoenix_MR7/posture/common/libhstransport/hs_transport_curl.c Line: 1969 Level: debug :: certinfo[SerialNumber=(ffffffffffffffff) IssuerCN=(InCommon RSA Server CA) subjectCN=(vpn.nacs.uci.edu)]
[Mon Aug 28 16:35:31.922 2023][libcsd]Function: ssl_fingerprint_verify_callback Thread Id: 0x6DC1F000 File: /tmp/build/thehoff/Phoenix_MR70.789804814981/Phoenix_MR7/posture/common/libhstransport/hs_transport_curl.c Line: 1979 Level: debug :: Using SHA1 hash algorithm.
[Mon Aug 28 16:35:31.922 2023][libcsd]Function: ssl_fingerprint_verify_callback Thread Id: 0x6DC1F000 File: /tmp/build/thehoff/Phoenix_MR70.789804814981/Phoenix_MR7/posture/common/libhstransport/hs_transport_curl.c Line: 2025 Level: debug :: Fingerprints match: Given(2EE7AEE7B8A99935140E7149B10DC62B4BC815CE) == Computed(2EE7AEE7B8A99935140E7149B10DC62B4BC815CE)
[Mon Aug 28 16:35:31.965 2023][libcsd]Function: process_response_headers Thread Id: 0x6DC1F000 File: /tmp/build/thehoff/Phoenix_MR70.789804814981/Phoenix_MR7/posture/common/libhstransport/hs_transport.c Line: 185 Level: trace :: processing http response headers
[Mon Aug 28 16:35:31.965 2023][libcsd]Function: process_response_headers Thread Id: 0x6DC1F000 File: /tmp/build/thehoff/Phoenix_MR70.789804814981/Phoenix_MR7/posture/common/libhstransport/hs_transport.c Line: 193 Level: trace :: getting http headers from l2
[Mon Aug 28 16:35:31.965 2023][libcsd]Function: process_response_headers Thread Id: 0x6DC1F000 File: /tmp/build/thehoff/Phoenix_MR70.789804814981/Phoenix_MR7/posture/common/libhstransport/hs_transport.c Line: 232 Level: trace :: getting http headers headers from l2 done
[Mon Aug 28 16:35:31.965 2023][libcsd]Function: parse_response_headers Thread Id: 0x6DC1F000 File: /tmp/build/thehoff/Phoenix_MR70.789804814981/Phoenix_MR7/posture/common/libhstransport/hs_transport.c Line: 124 Level: trace :: parsing http headers
[Mon Aug 28 16:35:31.965 2023][libcsd]Function: parse_response_headers Thread Id: 0x6DC1F000 File: /tmp/build/thehoff/Phoenix_MR70.789804814981/Phoenix_MR7/posture/common/libhstransport/hs_transport.c Line: 144 Level: trace :: Calling populate_http_headers_list
[Mon Aug 28 16:35:31.965 2023][libcsd]Function: parse_response_headers Thread Id: 0x6DC1F000 File: /tmp/build/thehoff/Phoenix_MR70.789804814981/Phoenix_MR7/posture/common/libhstransport/hs_transport.c Line: 158 Level: trace :: Calling dump_http_headers
[Mon Aug 28 16:35:31.965 2023][libcsd]Function: dump_http_headers Thread Id: 0x6DC1F000 File: /tmp/build/thehoff/Phoenix_MR70.789804814981/Phoenix_MR7/posture/common/libhstransport/hs_httpheader.c Line: 430 Level: debug :: --- Http Response Headers ---
[Mon Aug 28 16:35:31.965 2023][libcsd]Function: dump_http_headers Thread Id: 0x6DC1F000 File: /tmp/build/thehoff/Phoenix_MR70.789804814981/Phoenix_MR7/posture/common/libhstransport/hs_httpheader.c Line: 437 Level: debug :: HTTP-Version: 1.1
[Mon Aug 28 16:35:31.965 2023][libcsd]Function: dump_http_headers Thread Id: 0x6DC1F000 File: /tmp/build/thehoff/Phoenix_MR70.789804814981/Phoenix_MR7/posture/common/libhstransport/hs_httpheader.c Line: 437 Level: debug :: Status-Code: 404
[Mon Aug 28 16:35:31.965 2023][libcsd]Function: dump_http_headers Thread Id: 0x6DC1F000 File: /tmp/build/thehoff/Phoenix_MR70.789804814981/Phoenix_MR7/posture/common/libhstransport/hs_httpheader.c Line: 437 Level: debug :: Cache-Control: no-store
[Mon Aug 28 16:35:31.965 2023][libcsd]Function: dump_http_headers Thread Id: 0x6DC1F000 File: /tmp/build/thehoff/Phoenix_MR70.789804814981/Phoenix_MR7/posture/common/libhstransport/hs_httpheader.c Line: 437 Level: debug :: Pragma: no-cache
[Mon Aug 28 16:35:31.965 2023][libcsd]Function: dump_http_headers Thread Id: 0x6DC1F000 File: /tmp/build/thehoff/Phoenix_MR70.789804814981/Phoenix_MR7/posture/common/libhstransport/hs_httpheader.c Line: 437 Level: debug :: Connection: Close
[Mon Aug 28 16:35:31.965 2023][libcsd]Function: dump_http_headers Thread Id: 0x6DC1F000 File: /tmp/build/thehoff/Phoenix_MR70.789804814981/Phoenix_MR7/posture/common/libhstransport/hs_httpheader.c Line: 437 Level: debug :: Date: Mon, 28 Aug 2023 23:35:31 GMT
[Mon Aug 28 16:35:31.965 2023][libcsd]Function: dump_http_headers Thread Id: 0x6DC1F000 File: /tmp/build/thehoff/Phoenix_MR70.789804814981/Phoenix_MR7/posture/common/libhstransport/hs_httpheader.c Line: 437 Level: debug :: X-Frame-Options: SAMEORIGIN
[Mon Aug 28 16:35:31.965 2023][libcsd]Function: dump_http_headers Thread Id: 0x6DC1F000 File: /tmp/build/thehoff/Phoenix_MR70.789804814981/Phoenix_MR7/posture/common/libhstransport/hs_httpheader.c Line: 437 Level: debug :: Strict-Transport-Security: max-age=31536000; includeSubDomains
[Mon Aug 28 16:35:31.965 2023][libcsd]Function: dump_http_headers Thread Id: 0x6DC1F000 File: /tmp/build/thehoff/Phoenix_MR70.789804814981/Phoenix_MR7/posture/common/libhstransport/hs_httpheader.c Line: 437 Level: debug :: X-Content-Type-Options: nosniff
[Mon Aug 28 16:35:31.965 2023][libcsd]Function: dump_http_headers Thread Id: 0x6DC1F000 File: /tmp/build/thehoff/Phoenix_MR70.789804814981/Phoenix_MR7/posture/common/libhstransport/hs_httpheader.c Line: 437 Level: debug :: X-XSS-Protection: 1
[Mon Aug 28 16:35:31.965 2023][libcsd]Function: dump_http_headers Thread Id: 0x6DC1F000 File: /tmp/build/thehoff/Phoenix_MR70.789804814981/Phoenix_MR7/posture/common/libhstransport/hs_httpheader.c Line: 437 Level: debug :: Content-Security-Policy: default-src 'self' 'unsafe-inline' 'unsafe-eval' data: blob:; frame-ancestors 'self'
[Mon Aug 28 16:35:31.965 2023][libcsd]Function: dump_http_headers Thread Id: 0x6DC1F000 File: /tmp/build/thehoff/Phoenix_MR70.789804814981/Phoenix_MR7/posture/common/libhstransport/hs_httpheader.c Line: 442 Level: debug :: --------------------
[Mon Aug 28 16:35:31.965 2023][libcsd]Function: parse_response_headers Thread Id: 0x6DC1F000 File: /tmp/build/thehoff/Phoenix_MR70.789804814981/Phoenix_MR7/posture/common/libhstransport/hs_transport.c Line: 174 Level: trace :: parsing http headers done
[Mon Aug 28 16:35:31.965 2023][libcsd]Function: process_response_headers Thread Id: 0x6DC1F000 File: /tmp/build/thehoff/Phoenix_MR70.789804814981/Phoenix_MR7/posture/common/libhstransport/hs_transport.c Line: 250 Level: trace :: processing http response headers done
[Mon Aug 28 16:35:31.965 2023][libcsd]Function: hs_transport_probe Thread Id: 0x6DC1F000 File: /tmp/build/thehoff/Phoenix_MR70.789804814981/Phoenix_MR7/posture/common/libhstransport/hs_transport.c Line: 1428 Level: trace :: sending probe request done
[Mon Aug 28 16:35:31.965 2023][libcsd]Function: hs_transport_detect_proxy Thread Id: 0x6DC1F000 File: /tmp/build/thehoff/Phoenix_MR70.789804814981/Phoenix_MR7/posture/common/libhstransport/hs_transport.c Line: 1075 Level: trace :: verifying proxy... done.
[Mon Aug 28 16:35:31.965 2023][libcsd]Function: hs_transport_detect_proxy Thread Id: 0x6DC1F000 File: /tmp/build/thehoff/Phoenix_MR70.789804814981/Phoenix_MR7/posture/common/libhstransport/hs_transport.c Line: 1093 Level: trace :: detecting proxy... done.
[Mon Aug 28 16:35:31.965 2023][libcsd]Function: asa_get_token Thread Id: 0x6DC1F000 File: /tmp/build/thehoff/Phoenix_MR70.789804814981/Phoenix_MR7/posture/asa/libasa/asa.c Line: 393 Level: debug :: getting token data from url
[Mon Aug 28 16:35:31.965 2023][libcsd]Function: hs_transport_setredircount Thread Id: 0x6DC1F000 File: /tmp/build/thehoff/Phoenix_MR70.789804814981/Phoenix_MR7/posture/common/libhstransport/hs_transport.c Line: 1806 Level: trace :: setting redirects
[Mon Aug 28 16:35:31.965 2023][libcsd]Function: hs_transport_setredircount Thread Id: 0x6DC1F000 File: /tmp/build/thehoff/Phoenix_MR70.789804814981/Phoenix_MR7/posture/common/libhstransport/hs_transport.c Line: 1814 Level: trace :: setting redirects: (10)
[Mon Aug 28 16:35:31.965 2023][libcsd]Function: hs_transport_setredircount Thread Id: 0x6DC1F000 File: /tmp/build/thehoff/Phoenix_MR70.789804814981/Phoenix_MR7/posture/common/libhstransport/hs_transport.c Line: 1821 Level: trace :: setting redirects done
[Mon Aug 28 16:35:31.965 2023][libcsd]Function: hs_transport_get Thread Id: 0x6DC1F000 File: /tmp/build/thehoff/Phoenix_MR70.789804814981/Phoenix_MR7/posture/common/libhstransport/hs_transport.c Line: 1446 Level: trace :: sending get request
[Mon Aug 28 16:35:32.047 2023][libcsd]Function: process_response_headers Thread Id: 0x6DC1F000 File: /tmp/build/thehoff/Phoenix_MR70.789804814981/Phoenix_MR7/posture/common/libhstransport/hs_transport.c Line: 185 Level: trace :: processing http response headers
[Mon Aug 28 16:35:32.047 2023][libcsd]Function: process_response_headers Thread Id: 0x6DC1F000 File: /tmp/build/thehoff/Phoenix_MR70.789804814981/Phoenix_MR7/posture/common/libhstransport/hs_transport.c Line: 193 Level: trace :: getting http headers from l2
[Mon Aug 28 16:35:32.047 2023][libcsd]Function: process_response_headers Thread Id: 0x6DC1F000 File: /tmp/build/thehoff/Phoenix_MR70.789804814981/Phoenix_MR7/posture/common/libhstransport/hs_transport.c Line: 232 Level: trace :: getting http headers headers from l2 done
[Mon Aug 28 16:35:32.047 2023][libcsd]Function: parse_response_headers Thread Id: 0x6DC1F000 File: /tmp/build/thehoff/Phoenix_MR70.789804814981/Phoenix_MR7/posture/common/libhstransport/hs_transport.c Line: 124 Level: trace :: parsing http headers
[Mon Aug 28 16:35:32.047 2023][libcsd]Function: parse_response_headers Thread Id: 0x6DC1F000 File: /tmp/build/thehoff/Phoenix_MR70.789804814981/Phoenix_MR7/posture/common/libhstransport/hs_transport.c Line: 144 Level: trace :: Calling populate_http_headers_list
[Mon Aug 28 16:35:32.047 2023][libcsd]Function: parse_response_headers Thread Id: 0x6DC1F000 File: /tmp/build/thehoff/Phoenix_MR70.789804814981/Phoenix_MR7/posture/common/libhstransport/hs_transport.c Line: 158 Level: trace :: Calling dump_http_headers
[Mon Aug 28 16:35:32.047 2023][libcsd]Function: dump_http_headers Thread Id: 0x6DC1F000 File: /tmp/build/thehoff/Phoenix_MR70.789804814981/Phoenix_MR7/posture/common/libhstransport/hs_httpheader.c Line: 430 Level: debug :: --- Http Response Headers ---
[Mon Aug 28 16:35:32.047 2023][libcsd]Function: dump_http_headers Thread Id: 0x6DC1F000 File: /tmp/build/thehoff/Phoenix_MR70.789804814981/Phoenix_MR7/posture/common/libhstransport/hs_httpheader.c Line: 437 Level: debug :: HTTP-Version: 1.1
[Mon Aug 28 16:35:32.047 2023][libcsd]Function: dump_http_headers Thread Id: 0x6DC1F000 File: /tmp/build/thehoff/Phoenix_MR70.789804814981/Phoenix_MR7/posture/common/libhstransport/hs_httpheader.c Line: 437 Level: debug :: Status-Code: 200
[Mon Aug 28 16:35:32.047 2023][libcsd]Function: dump_http_headers Thread Id: 0x6DC1F000 File: /tmp/build/thehoff/Phoenix_MR70.789804814981/Phoenix_MR7/posture/common/libhstransport/hs_httpheader.c Line: 437 Level: debug :: Content-Type: text/xml; charset=utf-8
[Mon Aug 28 16:35:32.047 2023][libcsd]Function: dump_http_headers Thread Id: 0x6DC1F000 File: /tmp/build/thehoff/Phoenix_MR70.789804814981/Phoenix_MR7/posture/common/libhstransport/hs_httpheader.c Line: 437 Level: debug :: Transfer-Encoding: chunked
[Mon Aug 28 16:35:32.047 2023][libcsd]Function: dump_http_headers Thread Id: 0x6DC1F000 File: /tmp/build/thehoff/Phoenix_MR70.789804814981/Phoenix_MR7/posture/common/libhstransport/hs_httpheader.c Line: 437 Level: debug :: Cache-Control: no-store
[Mon Aug 28 16:35:32.047 2023][libcsd]Function: dump_http_headers Thread Id: 0x6DC1F000 File: /tmp/build/thehoff/Phoenix_MR70.789804814981/Phoenix_MR7/posture/common/libhstransport/hs_httpheader.c Line: 437 Level: debug :: Pragma: no-cache
[Mon Aug 28 16:35:32.047 2023][libcsd]Function: dump_http_headers Thread Id: 0x6DC1F000 File: /tmp/build/thehoff/Phoenix_MR70.789804814981/Phoenix_MR7/posture/common/libhstransport/hs_httpheader.c Line: 437 Level: debug :: Connection: Close
[Mon Aug 28 16:35:32.047 2023][libcsd]Function: dump_http_headers Thread Id: 0x6DC1F000 File: /tmp/build/thehoff/Phoenix_MR70.789804814981/Phoenix_MR7/posture/common/libhstransport/hs_httpheader.c Line: 437 Level: debug :: Date: Mon, 28 Aug 2023 23:35:32 GMT
[Mon Aug 28 16:35:32.047 2023][libcsd]Function: dump_http_headers Thread Id: 0x6DC1F000 File: /tmp/build/thehoff/Phoenix_MR70.789804814981/Phoenix_MR7/posture/common/libhstransport/hs_httpheader.c Line: 437 Level: debug :: X-Frame-Options: SAMEORIGIN
[Mon Aug 28 16:35:32.047 2023][libcsd]Function: dump_http_headers Thread Id: 0x6DC1F000 File: /tmp/build/thehoff/Phoenix_MR70.789804814981/Phoenix_MR7/posture/common/libhstransport/hs_httpheader.c Line: 437 Level: debug :: Strict-Transport-Security: max-age=31536000; includeSubDomains
[Mon Aug 28 16:35:32.047 2023][libcsd]Function: dump_http_headers Thread Id: 0x6DC1F000 File: /tmp/build/thehoff/Phoenix_MR70.789804814981/Phoenix_MR7/posture/common/libhstransport/hs_httpheader.c Line: 437 Level: debug :: X-Content-Type-Options: nosniff
[Mon Aug 28 16:35:32.047 2023][libcsd]Function: dump_http_headers Thread Id: 0x6DC1F000 File: /tmp/build/thehoff/Phoenix_MR70.789804814981/Phoenix_MR7/posture/common/libhstransport/hs_httpheader.c Line: 437 Level: debug :: X-XSS-Protection: 1
[Mon Aug 28 16:35:32.047 2023][libcsd]Function: dump_http_headers Thread Id: 0x6DC1F000 File: /tmp/build/thehoff/Phoenix_MR70.789804814981/Phoenix_MR7/posture/common/libhstransport/hs_httpheader.c Line: 437 Level: debug :: Content-Security-Policy: default-src 'self' 'unsafe-inline' 'unsafe-eval' data: blob:; frame-ancestors 'self'
[Mon Aug 28 16:35:32.047 2023][libcsd]Function: dump_http_headers Thread Id: 0x6DC1F000 File: /tmp/build/thehoff/Phoenix_MR70.789804814981/Phoenix_MR7/posture/common/libhstransport/hs_httpheader.c Line: 442 Level: debug :: --------------------
[Mon Aug 28 16:35:32.047 2023][libcsd]Function: parse_response_headers Thread Id: 0x6DC1F000 File: /tmp/build/thehoff/Phoenix_MR70.789804814981/Phoenix_MR7/posture/common/libhstransport/hs_transport.c Line: 174 Level: trace :: parsing http headers done
[Mon Aug 28 16:35:32.047 2023][libcsd]Function: process_response_headers Thread Id: 0x6DC1F000 File: /tmp/build/thehoff/Phoenix_MR70.789804814981/Phoenix_MR7/posture/common/libhstransport/hs_transport.c Line: 250 Level: trace :: processing http response headers done
[Mon Aug 28 16:35:32.047 2023][libcsd]Function: hs_transport_get Thread Id: 0x6DC1F000 File: /tmp/build/thehoff/Phoenix_MR70.789804814981/Phoenix_MR7/posture/common/libhstransport/hs_transport.c Line: 1516 Level: trace :: sending get request done
[Mon Aug 28 16:35:32.047 2023][libcsd]Function: hs_transport_get_data Thread Id: 0x6DC1F000 File: /tmp/build/thehoff/Phoenix_MR70.789804814981/Phoenix_MR7/posture/common/libhstransport/hs_transport.c Line: 1645 Level: trace :: getting data
[Mon Aug 28 16:35:32.047 2023][libcsd]Function: hs_transport_get_data Thread Id: 0x6DC1F000 File: /tmp/build/thehoff/Phoenix_MR70.789804814981/Phoenix_MR7/posture/common/libhstransport/hs_transport.c Line: 1661 Level: trace :: --- http data ---
todo 
[Mon Aug 28 16:35:32.047 2023][libcsd]Function: hs_transport_get_data Thread Id: 0x6DC1F000 File: /tmp/build/thehoff/Phoenix_MR70.789804814981/Phoenix_MR7/posture/common/libhstransport/hs_transport.c Line: 1665 Level: trace :: getting data done
[Mon Aug 28 16:35:32.047 2023][libcsd]Function: hs_transport_get_data Thread Id: 0x6DC1F000 File: /tmp/build/thehoff/Phoenix_MR70.789804814981/Phoenix_MR7/posture/common/libhstransport/hs_transport.c Line: 1645 Level: trace :: getting data
[Mon Aug 28 16:35:32.047 2023][libcsd]Function: hs_transport_get_data Thread Id: 0x6DC1F000 File: /tmp/build/thehoff/Phoenix_MR70.789804814981/Phoenix_MR7/posture/common/libhstransport/hs_transport.c Line: 1661 Level: trace :: --- http data ---
todo 
[Mon Aug 28 16:35:32.047 2023][libcsd]Function: hs_transport_get_data Thread Id: 0x6DC1F000 File: /tmp/build/thehoff/Phoenix_MR70.789804814981/Phoenix_MR7/posture/common/libhstransport/hs_transport.c Line: 1665 Level: trace :: getting data done
[Mon Aug 28 16:35:32.047 2023][libcsd]Function: asa_get_token Thread Id: 0x6DC1F000 File: /tmp/build/thehoff/Phoenix_MR70.789804814981/Phoenix_MR7/posture/asa/libasa/asa.c Line: 451 Level: debug :: got token
[Mon Aug 28 16:35:32.047 2023][libcsd]Function: hs_transport_setcookie Thread Id: 0x6DC1F000 File: /tmp/build/thehoff/Phoenix_MR70.789804814981/Phoenix_MR7/posture/common/libhstransport/hs_transport.c Line: 1293 Level: trace :: setting cookie
[Mon Aug 28 16:35:32.047 2023][libcsd]Function: hs_transport_setcookie Thread Id: 0x6DC1F000 File: /tmp/build/thehoff/Phoenix_MR70.789804814981/Phoenix_MR7/posture/common/libhstransport/hs_transport.c Line: 1298 Level: trace :: setting cookie...
[Mon Aug 28 16:35:32.047 2023][libcsd]Function: hs_transport_addheader Thread Id: 0x6DC1F000 File: /tmp/build/thehoff/Phoenix_MR70.789804814981/Phoenix_MR7/posture/common/libhstransport/hs_transport.c Line: 1254 Level: trace :: adding http header
[Mon Aug 28 16:35:32.047 2023][libcsd]Function: hs_transport_addheader Thread Id: 0x6DC1F000 File: /tmp/build/thehoff/Phoenix_MR70.789804814981/Phoenix_MR7/posture/common/libhstransport/hs_transport.c Line: 1277 Level: trace :: adding http header done
[Mon Aug 28 16:35:32.047 2023][libcsd]Function: hs_transport_setcookie Thread Id: 0x6DC1F000 File: /tmp/build/thehoff/Phoenix_MR70.789804814981/Phoenix_MR7/posture/common/libhstransport/hs_transport.c Line: 1304 Level: trace :: setting cookie done
[Mon Aug 28 16:35:32.047 2023][libcsd]Function: csd_prelogin Thread Id: 0x6DC1F000 File: /tmp/build/thehoff/Phoenix_MR70.789804814981/Phoenix_MR7/posture/asa/libcsd/csd_api.c Line: 938 Level: debug :: Calling asa begin token
[Mon Aug 28 16:35:32.047 2023][libcsd]Function: update_file Thread Id: 0x6DC1F000 File: /tmp/build/thehoff/Phoenix_MR70.789804814981/Phoenix_MR7/posture/asa/libupdate/update.c Line: 243 Level: debug :: updating file (/opt/cisco/hostscan/bin64/cscan)
[Mon Aug 28 16:35:32.047 2023][libcsd]Function: verify_file Thread Id: 0x6DC1F000 File: /tmp/build/thehoff/Phoenix_MR70.789804814981/Phoenix_MR7/posture/asa/libupdate/update.c Line: 139 Level: debug :: verifying file: /opt/cisco/hostscan/bin64/cscan
[Mon Aug 28 16:35:32.047 2023][libcsd]Function: hs_get_from_cache Thread Id: 0x6DC1F000 File: /tmp/build/thehoff/Phoenix_MR70.789804814981/Phoenix_MR7/posture/asa/libhscore/hs_cache.c Line: 95 Level: debug :: No cache for '0'
[Mon Aug 28 16:35:32.047 2023][libcsd]Function: hs_download_file_to_buffer_s Thread Id: 0x6DC1F000 File: /tmp/build/thehoff/Phoenix_MR70.789804814981/Phoenix_MR7/posture/common/libdownload/hs_download.c Line: 609 Level: debug :: attempting to download file: /CACHE/sdesktop/hostscan/darwin_x64_appid/manifest
[Mon Aug 28 16:35:32.047 2023][libcsd]Function: hs_transport_setpeer Thread Id: 0x6DC1F000 File: /tmp/build/thehoff/Phoenix_MR70.789804814981/Phoenix_MR7/posture/common/libhstransport/hs_transport.c Line: 1116 Level: trace :: setting peer
[Mon Aug 28 16:35:32.047 2023][libcsd]Function: hs_transport_setpeer Thread Id: 0x6DC1F000 File: /tmp/build/thehoff/Phoenix_MR70.789804814981/Phoenix_MR7/posture/common/libhstransport/hs_transport.c Line: 1148 Level: trace :: setting l2 peer: (https://128.200.205.245)
[Mon Aug 28 16:35:32.047 2023][libcsd]Function: hs_transport_curl_resolve_sni Thread Id: 0x6DC1F000 File: /tmp/build/thehoff/Phoenix_MR70.789804814981/Phoenix_MR7/posture/common/libhstransport/hs_transport_curl.c Line: 2342 Level: trace :: setting l2 peer: (128.200.205.245) and resolve : (vpn.uci.edu)
[Mon Aug 28 16:35:32.047 2023][libcsd]Function: hs_transport_curl_resolve_sni Thread Id: 0x6DC1F000 File: /tmp/build/thehoff/Phoenix_MR70.789804814981/Phoenix_MR7/posture/common/libhstransport/hs_transport_curl.c Line: 2347 Level: trace :: resolve list: (vpn.uci.edu:443:128.200.205.245)
[Mon Aug 28 16:35:32.047 2023][libcsd]Function: hs_transport_curl_setpeer Thread Id: 0x6DC1F000 File: /tmp/build/thehoff/Phoenix_MR70.789804814981/Phoenix_MR7/posture/common/libhstransport/hs_transport_curl.c Line: 2420 Level: debug :: Using SNI
[Mon Aug 28 16:35:32.047 2023][libcsd]Function: hs_transport_setpeer Thread Id: 0x6DC1F000 File: /tmp/build/thehoff/Phoenix_MR70.789804814981/Phoenix_MR7/posture/common/libhstransport/hs_transport.c Line: 1160 Level: trace :: setting peer done. peer = https://128.200.205.245, referrer = https://128.200.205.245
[Mon Aug 28 16:35:32.047 2023][libcsd]Function: hs_transport_setredircount Thread Id: 0x6DC1F000 File: /tmp/build/thehoff/Phoenix_MR70.789804814981/Phoenix_MR7/posture/common/libhstransport/hs_transport.c Line: 1806 Level: trace :: setting redirects
[Mon Aug 28 16:35:32.047 2023][libcsd]Function: hs_transport_setredircount Thread Id: 0x6DC1F000 File: /tmp/build/thehoff/Phoenix_MR70.789804814981/Phoenix_MR7/posture/common/libhstransport/hs_transport.c Line: 1814 Level: trace :: setting redirects: (10)
[Mon Aug 28 16:35:32.047 2023][libcsd]Function: hs_transport_setredircount Thread Id: 0x6DC1F000 File: /tmp/build/thehoff/Phoenix_MR70.789804814981/Phoenix_MR7/posture/common/libhstransport/hs_transport.c Line: 1821 Level: trace :: setting redirects done
[Mon Aug 28 16:35:32.047 2023][libcsd]Function: hs_transport_get Thread Id: 0x6DC1F000 File: /tmp/build/thehoff/Phoenix_MR70.789804814981/Phoenix_MR7/posture/common/libhstransport/hs_transport.c Line: 1446 Level: trace :: sending get request
[Mon Aug 28 16:35:32.112 2023][libcsd]Function: process_response_headers Thread Id: 0x6DC1F000 File: /tmp/build/thehoff/Phoenix_MR70.789804814981/Phoenix_MR7/posture/common/libhstransport/hs_transport.c Line: 185 Level: trace :: processing http response headers
[Mon Aug 28 16:35:32.112 2023][libcsd]Function: process_response_headers Thread Id: 0x6DC1F000 File: /tmp/build/thehoff/Phoenix_MR70.789804814981/Phoenix_MR7/posture/common/libhstransport/hs_transport.c Line: 193 Level: trace :: getting http headers from l2
[Mon Aug 28 16:35:32.112 2023][libcsd]Function: process_response_headers Thread Id: 0x6DC1F000 File: /tmp/build/thehoff/Phoenix_MR70.789804814981/Phoenix_MR7/posture/common/libhstransport/hs_transport.c Line: 232 Level: trace :: getting http headers headers from l2 done
[Mon Aug 28 16:35:32.112 2023][libcsd]Function: parse_response_headers Thread Id: 0x6DC1F000 File: /tmp/build/thehoff/Phoenix_MR70.789804814981/Phoenix_MR7/posture/common/libhstransport/hs_transport.c Line: 124 Level: trace :: parsing http headers
[Mon Aug 28 16:35:32.112 2023][libcsd]Function: parse_response_headers Thread Id: 0x6DC1F000 File: /tmp/build/thehoff/Phoenix_MR70.789804814981/Phoenix_MR7/posture/common/libhstransport/hs_transport.c Line: 144 Level: trace :: Calling populate_http_headers_list
[Mon Aug 28 16:35:32.112 2023][libcsd]Function: parse_response_headers Thread Id: 0x6DC1F000 File: /tmp/build/thehoff/Phoenix_MR70.789804814981/Phoenix_MR7/posture/common/libhstransport/hs_transport.c Line: 158 Level: trace :: Calling dump_http_headers
[Mon Aug 28 16:35:32.112 2023][libcsd]Function: dump_http_headers Thread Id: 0x6DC1F000 File: /tmp/build/thehoff/Phoenix_MR70.789804814981/Phoenix_MR7/posture/common/libhstransport/hs_httpheader.c Line: 430 Level: debug :: --- Http Response Headers ---
[Mon Aug 28 16:35:32.112 2023][libcsd]Function: dump_http_headers Thread Id: 0x6DC1F000 File: /tmp/build/thehoff/Phoenix_MR70.789804814981/Phoenix_MR7/posture/common/libhstransport/hs_httpheader.c Line: 437 Level: debug :: HTTP-Version: 1.1
[Mon Aug 28 16:35:32.112 2023][libcsd]Function: dump_http_headers Thread Id: 0x6DC1F000 File: /tmp/build/thehoff/Phoenix_MR70.789804814981/Phoenix_MR7/posture/common/libhstransport/hs_httpheader.c Line: 437 Level: debug :: Status-Code: 200
[Mon Aug 28 16:35:32.112 2023][libcsd]Function: dump_http_headers Thread Id: 0x6DC1F000 File: /tmp/build/thehoff/Phoenix_MR70.789804814981/Phoenix_MR7/posture/common/libhstransport/hs_httpheader.c Line: 437 Level: debug :: Content-Length: 667
[Mon Aug 28 16:35:32.112 2023][libcsd]Function: dump_http_headers Thread Id: 0x6DC1F000 File: /tmp/build/thehoff/Phoenix_MR70.789804814981/Phoenix_MR7/posture/common/libhstransport/hs_httpheader.c Line: 437 Level: debug :: Cache-Control: max-age=6000
[Mon Aug 28 16:35:32.112 2023][libcsd]Function: dump_http_headers Thread Id: 0x6DC1F000 File: /tmp/build/thehoff/Phoenix_MR70.789804814981/Phoenix_MR7/posture/common/libhstransport/hs_httpheader.c Line: 437 Level: debug :: Connection: Keep-Alive
[Mon Aug 28 16:35:32.112 2023][libcsd]Function: dump_http_headers Thread Id: 0x6DC1F000 File: /tmp/build/thehoff/Phoenix_MR70.789804814981/Phoenix_MR7/posture/common/libhstransport/hs_httpheader.c Line: 437 Level: debug :: Date: Mon, 28 Aug 2023 23:35:32 GMT
[Mon Aug 28 16:35:32.112 2023][libcsd]Function: dump_http_headers Thread Id: 0x6DC1F000 File: /tmp/build/thehoff/Phoenix_MR70.789804814981/Phoenix_MR7/posture/common/libhstransport/hs_httpheader.c Line: 437 Level: debug :: X-Frame-Options: SAMEORIGIN
[Mon Aug 28 16:35:32.112 2023][libcsd]Function: dump_http_headers Thread Id: 0x6DC1F000 File: /tmp/build/thehoff/Phoenix_MR70.789804814981/Phoenix_MR7/posture/common/libhstransport/hs_httpheader.c Line: 437 Level: debug :: Strict-Transport-Security: max-age=31536000; includeSubDomains
[Mon Aug 28 16:35:32.112 2023][libcsd]Function: dump_http_headers Thread Id: 0x6DC1F000 File: /tmp/build/thehoff/Phoenix_MR70.789804814981/Phoenix_MR7/posture/common/libhstransport/hs_httpheader.c Line: 437 Level: debug :: X-Content-Type-Options: nosniff
[Mon Aug 28 16:35:32.112 2023][libcsd]Function: dump_http_headers Thread Id: 0x6DC1F000 File: /tmp/build/thehoff/Phoenix_MR70.789804814981/Phoenix_MR7/posture/common/libhstransport/hs_httpheader.c Line: 437 Level: debug :: X-XSS-Protection: 1
[Mon Aug 28 16:35:32.112 2023][libcsd]Function: dump_http_headers Thread Id: 0x6DC1F000 File: /tmp/build/thehoff/Phoenix_MR70.789804814981/Phoenix_MR7/posture/common/libhstransport/hs_httpheader.c Line: 437 Level: debug :: Content-Security-Policy: default-src 'self' 'unsafe-inline' 'unsafe-eval' data: blob:; frame-ancestors 'self'
[Mon Aug 28 16:35:32.112 2023][libcsd]Function: dump_http_headers Thread Id: 0x6DC1F000 File: /tmp/build/thehoff/Phoenix_MR70.789804814981/Phoenix_MR7/posture/common/libhstransport/hs_httpheader.c Line: 442 Level: debug :: --------------------
[Mon Aug 28 16:35:32.112 2023][libcsd]Function: parse_response_headers Thread Id: 0x6DC1F000 File: /tmp/build/thehoff/Phoenix_MR70.789804814981/Phoenix_MR7/posture/common/libhstransport/hs_transport.c Line: 174 Level: trace :: parsing http headers done
[Mon Aug 28 16:35:32.112 2023][libcsd]Function: process_response_headers Thread Id: 0x6DC1F000 File: /tmp/build/thehoff/Phoenix_MR70.789804814981/Phoenix_MR7/posture/common/libhstransport/hs_transport.c Line: 250 Level: trace :: processing http response headers done
[Mon Aug 28 16:35:32.112 2023][libcsd]Function: hs_transport_get Thread Id: 0x6DC1F000 File: /tmp/build/thehoff/Phoenix_MR70.789804814981/Phoenix_MR7/posture/common/libhstransport/hs_transport.c Line: 1516 Level: trace :: sending get request done
[Mon Aug 28 16:35:32.112 2023][libcsd]Function: hs_transport_get_data Thread Id: 0x6DC1F000 File: /tmp/build/thehoff/Phoenix_MR70.789804814981/Phoenix_MR7/posture/common/libhstransport/hs_transport.c Line: 1645 Level: trace :: getting data
[Mon Aug 28 16:35:32.112 2023][libcsd]Function: hs_transport_get_data Thread Id: 0x6DC1F000 File: /tmp/build/thehoff/Phoenix_MR70.789804814981/Phoenix_MR7/posture/common/libhstransport/hs_transport.c Line: 1661 Level: trace :: --- http data ---
todo 
[Mon Aug 28 16:35:32.112 2023][libcsd]Function: hs_transport_get_data Thread Id: 0x6DC1F000 File: /tmp/build/thehoff/Phoenix_MR70.789804814981/Phoenix_MR7/posture/common/libhstransport/hs_transport.c Line: 1665 Level: trace :: getting data done
[Mon Aug 28 16:35:32.112 2023][libcsd]Function: hs_transport_get_data Thread Id: 0x6DC1F000 File: /tmp/build/thehoff/Phoenix_MR70.789804814981/Phoenix_MR7/posture/common/libhstransport/hs_transport.c Line: 1645 Level: trace :: getting data
[Mon Aug 28 16:35:32.112 2023][libcsd]Function: hs_transport_get_data Thread Id: 0x6DC1F000 File: /tmp/build/thehoff/Phoenix_MR70.789804814981/Phoenix_MR7/posture/common/libhstransport/hs_transport.c Line: 1661 Level: trace :: --- http data ---
todo 
[Mon Aug 28 16:35:32.112 2023][libcsd]Function: hs_transport_get_data Thread Id: 0x6DC1F000 File: /tmp/build/thehoff/Phoenix_MR70.789804814981/Phoenix_MR7/posture/common/libhstransport/hs_transport.c Line: 1665 Level: trace :: getting data done
[Mon Aug 28 16:35:32.112 2023][libcsd]Function: hs_download_file_to_buffer_s Thread Id: 0x6DC1F000 File: /tmp/build/thehoff/Phoenix_MR70.789804814981/Phoenix_MR7/posture/common/libdownload/hs_download.c Line: 647 Level: debug :: downloaded file: /CACHE/sdesktop/hostscan/darwin_x64_appid/manifest (667 bytes)
[Mon Aug 28 16:35:32.112 2023][libcsd]Function: hs_add_to_cache Thread Id: 0x6DC1F000 File: /tmp/build/thehoff/Phoenix_MR70.789804814981/Phoenix_MR7/posture/asa/libhscore/hs_cache.c Line: 76 Level: debug :: Setting cache for '0'
[Mon Aug 28 16:35:32.112 2023][libcsd]Function: download_manifest Thread Id: 0x6DC1F000 File: /tmp/build/thehoff/Phoenix_MR70.789804814981/Phoenix_MR7/posture/asa/libupdate/update.c Line: 96 Level: debug :: manifest data downloaded: /CACHE/sdesktop/hostscan/darwin_x64_appid/manifest
[Mon Aug 28 16:35:32.129 2023][libcsd]Function: verify_file Thread Id: 0x6DC1F000 File: /tmp/build/thehoff/Phoenix_MR70.789804814981/Phoenix_MR7/posture/asa/libupdate/update.c Line: 185 Level: debug :: MD5 not found in manifest: 4b58424e8518a977762e819e438f382b
[Mon Aug 28 16:35:32.129 2023][libcsd]Function: hs_transport_uriencode Thread Id: 0x6DC1F000 File: /tmp/build/thehoff/Phoenix_MR70.789804814981/Phoenix_MR7/posture/common/libhstransport/hs_transport.c Line: 1320 Level: trace :: uri-encoding string
[Mon Aug 28 16:35:32.129 2023][libcsd]Function: hs_transport_uriencode Thread Id: 0x6DC1F000 File: /tmp/build/thehoff/Phoenix_MR70.789804814981/Phoenix_MR7/posture/common/libhstransport/hs_transport.c Line: 1340 Level: trace :: unencoded: (cscan.gz)
[Mon Aug 28 16:35:32.129 2023][libcsd]Function: hs_transport_uriencode Thread Id: 0x6DC1F000 File: /tmp/build/thehoff/Phoenix_MR70.789804814981/Phoenix_MR7/posture/common/libhstransport/hs_transport.c Line: 1346 Level: trace :: uri-encoding string done
[Mon Aug 28 16:35:32.129 2023][libcsd]Function: hs_transport_uriencode Thread Id: 0x6DC1F000 File: /tmp/build/thehoff/Phoenix_MR70.789804814981/Phoenix_MR7/posture/common/libhstransport/hs_transport.c Line: 1347 Level: trace :: encoded: (cscan.gz)
[Mon Aug 28 16:35:32.129 2023][libcsd]Function: update_file Thread Id: 0x6DC1F000 File: /tmp/build/thehoff/Phoenix_MR70.789804814981/Phoenix_MR7/posture/asa/libupdate/update.c Line: 299 Level: debug :: downloading to (/Users/mananshah/.cisco/hostscan/bin64/cscan.gz) and upacking to (/Users/mananshah/.cisco/hostscan/bin64/cscan)
[Mon Aug 28 16:35:32.129 2023][libcsd]Function: hs_download_file_s Thread Id: 0x6DC1F000 File: /tmp/build/thehoff/Phoenix_MR70.789804814981/Phoenix_MR7/posture/common/libdownload/hs_download.c Line: 502 Level: debug :: attempting to download file: /CACHE/sdesktop/hostscan/darwin_x64_appid/cscan.gz
[Mon Aug 28 16:35:32.129 2023][libcsd]Function: hs_transport_setpeer Thread Id: 0x6DC1F000 File: /tmp/build/thehoff/Phoenix_MR70.789804814981/Phoenix_MR7/posture/common/libhstransport/hs_transport.c Line: 1116 Level: trace :: setting peer
[Mon Aug 28 16:35:32.129 2023][libcsd]Function: hs_transport_setpeer Thread Id: 0x6DC1F000 File: /tmp/build/thehoff/Phoenix_MR70.789804814981/Phoenix_MR7/posture/common/libhstransport/hs_transport.c Line: 1148 Level: trace :: setting l2 peer: (https://128.200.205.245)
[Mon Aug 28 16:35:32.129 2023][libcsd]Function: hs_transport_curl_resolve_sni Thread Id: 0x6DC1F000 File: /tmp/build/thehoff/Phoenix_MR70.789804814981/Phoenix_MR7/posture/common/libhstransport/hs_transport_curl.c Line: 2342 Level: trace :: setting l2 peer: (128.200.205.245) and resolve : (vpn.uci.edu)
[Mon Aug 28 16:35:32.129 2023][libcsd]Function: hs_transport_curl_resolve_sni Thread Id: 0x6DC1F000 File: /tmp/build/thehoff/Phoenix_MR70.789804814981/Phoenix_MR7/posture/common/libhstransport/hs_transport_curl.c Line: 2347 Level: trace :: resolve list: (vpn.uci.edu:443:128.200.205.245)
[Mon Aug 28 16:35:32.129 2023][libcsd]Function: hs_transport_curl_setpeer Thread Id: 0x6DC1F000 File: /tmp/build/thehoff/Phoenix_MR70.789804814981/Phoenix_MR7/posture/common/libhstransport/hs_transport_curl.c Line: 2420 Level: debug :: Using SNI
[Mon Aug 28 16:35:32.129 2023][libcsd]Function: hs_transport_setpeer Thread Id: 0x6DC1F000 File: /tmp/build/thehoff/Phoenix_MR70.789804814981/Phoenix_MR7/posture/common/libhstransport/hs_transport.c Line: 1160 Level: trace :: setting peer done. peer = https://128.200.205.245, referrer = https://128.200.205.245
[Mon Aug 28 16:35:32.129 2023][libcsd]Function: hs_transport_setredircount Thread Id: 0x6DC1F000 File: /tmp/build/thehoff/Phoenix_MR70.789804814981/Phoenix_MR7/posture/common/libhstransport/hs_transport.c Line: 1806 Level: trace :: setting redirects
[Mon Aug 28 16:35:32.129 2023][libcsd]Function: hs_transport_setredircount Thread Id: 0x6DC1F000 File: /tmp/build/thehoff/Phoenix_MR70.789804814981/Phoenix_MR7/posture/common/libhstransport/hs_transport.c Line: 1814 Level: trace :: setting redirects: (10)
[Mon Aug 28 16:35:32.129 2023][libcsd]Function: hs_transport_setredircount Thread Id: 0x6DC1F000 File: /tmp/build/thehoff/Phoenix_MR70.789804814981/Phoenix_MR7/posture/common/libhstransport/hs_transport.c Line: 1821 Level: trace :: setting redirects done
[Mon Aug 28 16:35:32.129 2023][libcsd]Function: hs_transport_get Thread Id: 0x6DC1F000 File: /tmp/build/thehoff/Phoenix_MR70.789804814981/Phoenix_MR7/posture/common/libhstransport/hs_transport.c Line: 1446 Level: trace :: sending get request
[Mon Aug 28 16:35:33.792 2023][libcsd]Function: process_response_headers Thread Id: 0x6DC1F000 File: /tmp/build/thehoff/Phoenix_MR70.789804814981/Phoenix_MR7/posture/common/libhstransport/hs_transport.c Line: 185 Level: trace :: processing http response headers
[Mon Aug 28 16:35:33.793 2023][libcsd]Function: process_response_headers Thread Id: 0x6DC1F000 File: /tmp/build/thehoff/Phoenix_MR70.789804814981/Phoenix_MR7/posture/common/libhstransport/hs_transport.c Line: 193 Level: trace :: getting http headers from l2
[Mon Aug 28 16:35:33.793 2023][libcsd]Function: process_response_headers Thread Id: 0x6DC1F000 File: /tmp/build/thehoff/Phoenix_MR70.789804814981/Phoenix_MR7/posture/common/libhstransport/hs_transport.c Line: 232 Level: trace :: getting http headers headers from l2 done
[Mon Aug 28 16:35:33.793 2023][libcsd]Function: parse_response_headers Thread Id: 0x6DC1F000 File: /tmp/build/thehoff/Phoenix_MR70.789804814981/Phoenix_MR7/posture/common/libhstransport/hs_transport.c Line: 124 Level: trace :: parsing http headers
[Mon Aug 28 16:35:33.793 2023][libcsd]Function: parse_response_headers Thread Id: 0x6DC1F000 File: /tmp/build/thehoff/Phoenix_MR70.789804814981/Phoenix_MR7/posture/common/libhstransport/hs_transport.c Line: 144 Level: trace :: Calling populate_http_headers_list
[Mon Aug 28 16:35:33.793 2023][libcsd]Function: parse_response_headers Thread Id: 0x6DC1F000 File: /tmp/build/thehoff/Phoenix_MR70.789804814981/Phoenix_MR7/posture/common/libhstransport/hs_transport.c Line: 158 Level: trace :: Calling dump_http_headers
[Mon Aug 28 16:35:33.793 2023][libcsd]Function: dump_http_headers Thread Id: 0x6DC1F000 File: /tmp/build/thehoff/Phoenix_MR70.789804814981/Phoenix_MR7/posture/common/libhstransport/hs_httpheader.c Line: 430 Level: debug :: --- Http Response Headers ---
[Mon Aug 28 16:35:33.793 2023][libcsd]Function: dump_http_headers Thread Id: 0x6DC1F000 File: /tmp/build/thehoff/Phoenix_MR70.789804814981/Phoenix_MR7/posture/common/libhstransport/hs_httpheader.c Line: 437 Level: debug :: HTTP-Version: 1.1
[Mon Aug 28 16:35:33.793 2023][libcsd]Function: dump_http_headers Thread Id: 0x6DC1F000 File: /tmp/build/thehoff/Phoenix_MR70.789804814981/Phoenix_MR7/posture/common/libhstransport/hs_httpheader.c Line: 437 Level: debug :: Status-Code: 200
[Mon Aug 28 16:35:33.793 2023][libcsd]Function: dump_http_headers Thread Id: 0x6DC1F000 File: /tmp/build/thehoff/Phoenix_MR70.789804814981/Phoenix_MR7/posture/common/libhstransport/hs_httpheader.c Line: 437 Level: debug :: Content-Length: 2693288
[Mon Aug 28 16:35:33.793 2023][libcsd]Function: dump_http_headers Thread Id: 0x6DC1F000 File: /tmp/build/thehoff/Phoenix_MR70.789804814981/Phoenix_MR7/posture/common/libhstransport/hs_httpheader.c Line: 437 Level: debug :: Cache-Control: max-age=6000
[Mon Aug 28 16:35:33.793 2023][libcsd]Function: dump_http_headers Thread Id: 0x6DC1F000 File: /tmp/build/thehoff/Phoenix_MR70.789804814981/Phoenix_MR7/posture/common/libhstransport/hs_httpheader.c Line: 437 Level: debug :: Connection: Keep-Alive
[Mon Aug 28 16:35:33.793 2023][libcsd]Function: dump_http_headers Thread Id: 0x6DC1F000 File: /tmp/build/thehoff/Phoenix_MR70.789804814981/Phoenix_MR7/posture/common/libhstransport/hs_httpheader.c Line: 437 Level: debug :: Date: Mon, 28 Aug 2023 23:35:32 GMT
[Mon Aug 28 16:35:33.793 2023][libcsd]Function: dump_http_headers Thread Id: 0x6DC1F000 File: /tmp/build/thehoff/Phoenix_MR70.789804814981/Phoenix_MR7/posture/common/libhstransport/hs_httpheader.c Line: 437 Level: debug :: X-Frame-Options: SAMEORIGIN
[Mon Aug 28 16:35:33.793 2023][libcsd]Function: dump_http_headers Thread Id: 0x6DC1F000 File: /tmp/build/thehoff/Phoenix_MR70.789804814981/Phoenix_MR7/posture/common/libhstransport/hs_httpheader.c Line: 437 Level: debug :: Strict-Transport-Security: max-age=31536000; includeSubDomains
[Mon Aug 28 16:35:33.793 2023][libcsd]Function: dump_http_headers Thread Id: 0x6DC1F000 File: /tmp/build/thehoff/Phoenix_MR70.789804814981/Phoenix_MR7/posture/common/libhstransport/hs_httpheader.c Line: 437 Level: debug :: X-Content-Type-Options: nosniff
[Mon Aug 28 16:35:33.793 2023][libcsd]Function: dump_http_headers Thread Id: 0x6DC1F000 File: /tmp/build/thehoff/Phoenix_MR70.789804814981/Phoenix_MR7/posture/common/libhstransport/hs_httpheader.c Line: 437 Level: debug :: X-XSS-Protection: 1
[Mon Aug 28 16:35:33.793 2023][libcsd]Function: dump_http_headers Thread Id: 0x6DC1F000 File: /tmp/build/thehoff/Phoenix_MR70.789804814981/Phoenix_MR7/posture/common/libhstransport/hs_httpheader.c Line: 437 Level: debug :: Content-Security-Policy: default-src 'self' 'unsafe-inline' 'unsafe-eval' data: blob:; frame-ancestors 'self'
[Mon Aug 28 16:35:33.793 2023][libcsd]Function: dump_http_headers Thread Id: 0x6DC1F000 File: /tmp/build/thehoff/Phoenix_MR70.789804814981/Phoenix_MR7/posture/common/libhstransport/hs_httpheader.c Line: 442 Level: debug :: --------------------
[Mon Aug 28 16:35:33.793 2023][libcsd]Function: parse_response_headers Thread Id: 0x6DC1F000 File: /tmp/build/thehoff/Phoenix_MR70.789804814981/Phoenix_MR7/posture/common/libhstransport/hs_transport.c Line: 174 Level: trace :: parsing http headers done
[Mon Aug 28 16:35:33.793 2023][libcsd]Function: process_response_headers Thread Id: 0x6DC1F000 File: /tmp/build/thehoff/Phoenix_MR70.789804814981/Phoenix_MR7/posture/common/libhstransport/hs_transport.c Line: 250 Level: trace :: processing http response headers done
[Mon Aug 28 16:35:33.793 2023][libcsd]Function: hs_transport_get Thread Id: 0x6DC1F000 File: /tmp/build/thehoff/Phoenix_MR70.789804814981/Phoenix_MR7/posture/common/libhstransport/hs_transport.c Line: 1516 Level: trace :: sending get request done
[Mon Aug 28 16:35:33.793 2023][libcsd]Function: hs_transport_get_data_to_file Thread Id: 0x6DC1F000 File: /tmp/build/thehoff/Phoenix_MR70.789804814981/Phoenix_MR7/posture/common/libhstransport/hs_transport.c Line: 1681 Level: trace :: getting data to file
[Mon Aug 28 16:35:33.806 2023][libcsd]Function: hs_transport_get_data_to_file Thread Id: 0x6DC1F000 File: /tmp/build/thehoff/Phoenix_MR70.789804814981/Phoenix_MR7/posture/common/libhstransport/hs_transport.c Line: 1699 Level: trace :: getting data to file done
[Mon Aug 28 16:35:33.806 2023][libcsd]Function: hs_download_file_s Thread Id: 0x6DC1F000 File: /tmp/build/thehoff/Phoenix_MR70.789804814981/Phoenix_MR7/posture/common/libdownload/hs_download.c Line: 538 Level: debug :: downloaded file: /Users/mananshah/.cisco/hostscan/bin64/cscan.gz
[Mon Aug 28 16:35:33.846 2023][libcsd]Function: hs_download_file_s Thread Id: 0x6DC1F000 File: /tmp/build/thehoff/Phoenix_MR70.789804814981/Phoenix_MR7/posture/common/libdownload/hs_download.c Line: 547 Level: debug :: decompressed: /Users/mananshah/.cisco/hostscan/bin64/cscan.gz
[Mon Aug 28 16:35:33.846 2023][libcsd]Function: update_file Thread Id: 0x6DC1F000 File: /tmp/build/thehoff/Phoenix_MR70.789804814981/Phoenix_MR7/posture/asa/libupdate/update.c Line: 357 Level: debug :: now installing (/Users/mananshah/.cisco/hostscan/bin64/cscan) to (/opt/cisco/hostscan/bin64/cscan)
[Mon Aug 28 16:35:34.458 2023][libcsd]Function: priv_perform Thread Id: 0x6DC1F000 File: /tmp/build/thehoff/Phoenix_MR70.789804814981/Phoenix_MR7/posture/asa/libpriv/libpriv.c Line: 126 Level: debug :: received response msg.
[Mon Aug 28 16:35:34.458 2023][libcsd]Function: hs_priv_file_copy Thread Id: 0x6DC1F000 File: /tmp/build/thehoff/Phoenix_MR70.789804814981/Phoenix_MR7/posture/asa/libpriv/libpriv.c Line: 232 Level: debug :: priv_file_copy success.
[Mon Aug 28 16:35:34.458 2023][libcsd]Function: priv_perform Thread Id: 0x6DC1F000 File: /tmp/build/thehoff/Phoenix_MR70.789804814981/Phoenix_MR7/posture/asa/libpriv/libpriv.c Line: 126 Level: debug :: received response msg.
[Mon Aug 28 16:35:34.458 2023][libcsd]Function: hs_priv_file_make_executable Thread Id: 0x6DC1F000 File: /tmp/build/thehoff/Phoenix_MR70.789804814981/Phoenix_MR7/posture/asa/libpriv/libpriv.c Line: 320 Level: debug :: priv_file_make_executable success.
[Mon Aug 28 16:35:34.458 2023][libcsd]Function: verify_file Thread Id: 0x6DC1F000 File: /tmp/build/thehoff/Phoenix_MR70.789804814981/Phoenix_MR7/posture/asa/libupdate/update.c Line: 139 Level: debug :: verifying file: /opt/cisco/hostscan/bin64/cscan
[Mon Aug 28 16:35:34.484 2023][libcsd]Function: verify_file Thread Id: 0x6DC1F000 File: /tmp/build/thehoff/Phoenix_MR70.789804814981/Phoenix_MR7/posture/asa/libupdate/update.c Line: 189 Level: debug :: file has been verified: (/opt/cisco/hostscan/bin64/cscan)
[Mon Aug 28 16:35:34.484 2023][libcsd]Function: arg_set Thread Id: 0x6DC1F000 File: /tmp/build/thehoff/Phoenix_MR70.789804814981/Phoenix_MR7/posture/asa/libcsd/args.c Line: 98 Level: debug :: set argument (host)=(https://128.200.205.245)
[Mon Aug 28 16:35:34.484 2023][libcsd]Function: asa_is_token_renewal_running Thread Id: 0x6DC1F000 File: /tmp/build/thehoff/Phoenix_MR70.789804814981/Phoenix_MR7/posture/asa/libasa/asa.c Line: 1032 Level: debug :: Token renewal running
[Mon Aug 28 16:35:34.484 2023][libcsd]Function: asa_end_token_renewal Thread Id: 0x6DC1F000 File: /tmp/build/thehoff/Phoenix_MR70.789804814981/Phoenix_MR7/posture/asa/libasa/asa.c Line: 1084 Level: debug :: Delivering signal
[Mon Aug 28 16:35:34.484 2023][libcsd]Function: asa_end_token_renewal Thread Id: 0x6DC1F000 File: /tmp/build/thehoff/Phoenix_MR70.789804814981/Phoenix_MR7/posture/asa/libasa/asa.c Line: 1094 Level: debug :: Waiting for thread to complete
[Mon Aug 28 16:35:34.484 2023][libcsd]Function: hs_thread_cond_wait_and_call Thread Id: 0x6E223000 File: /tmp/build/thehoff/Phoenix_MR70.789804814981/Phoenix_MR7/posture/common/libcommon/hs_thread.c Line: 588 Level: debug :: Received signal to exit thread
[Mon Aug 28 16:35:34.484 2023][libcsd]Function: asa_end_token_renewal Thread Id: 0x6DC1F000 File: /tmp/build/thehoff/Phoenix_MR70.789804814981/Phoenix_MR7/posture/asa/libasa/asa.c Line: 1096 Level: debug :: Thread completed
[Mon Aug 28 16:35:34.484 2023][libcsd]Function: libcsd_ipc_init_server Thread Id: 0x6DC1F000 File: /tmp/build/thehoff/Phoenix_MR70.789804814981/Phoenix_MR7/posture/asa/libcsd/libcsd_ipc.c Line: 186 Level: debug :: libcsd server is listening on (127.0.0.1:60808)
[Mon Aug 28 16:35:34.484 2023][libcsd]Function: hs_file_verify_with_killdate Thread Id: 0x6DC1F000 File: /tmp/build/thehoff/Phoenix_MR70.789804814981/Phoenix_MR7/posture/common/libcommon/hs_file_verify_mac.c Line: 814 Level: debug :: verifying file signature: file = [/opt/cisco/hostscan/bin64/cscan], signer = [DE8Y96K9QP], type = [1]
[Mon Aug 28 16:35:34.499 2023][libcsd]Function: hs_launch_process_return_pid Thread Id: 0x6DC1F000 File: /tmp/build/thehoff/Phoenix_MR70.789804814981/Phoenix_MR7/posture/common/libcommon/hs_process.c Line: 887 Level: debug :: launching executable (/opt/cisco/hostscan/bin64/cscan)
[Mon Aug 28 16:35:34.646 2023][libcsd]Function: new_connection_cb Thread Id: 0x6DC1F000 File: /tmp/build/thehoff/Phoenix_MR70.789804814981/Phoenix_MR7/posture/asa/libcsd/csd_api.c Line: 68 Level: all :: *** new connection [6000039c9680] from pid: [0] ***
[Mon Aug 28 16:35:34.646 2023][libcsd]Function: csd_prelogin Thread Id: 0x6DC1F000 File: /tmp/build/thehoff/Phoenix_MR70.789804814981/Phoenix_MR7/posture/asa/libcsd/csd_api.c Line: 1028 Level: debug :: arguments sent to scanner, starting prelogin.
[Mon Aug 28 16:35:34.647 2023][libcsd]Function: csd_prelogin Thread Id: 0x6DC1F000 File: /tmp/build/thehoff/Phoenix_MR70.789804814981/Phoenix_MR7/posture/asa/libcsd/csd_api.c Line: 1038 Level: debug :: prelogin started.
[Mon Aug 28 16:35:35.074 2023][libcsd]Function: csd_prelogin Thread Id: 0x6DC1F000 File: /tmp/build/thehoff/Phoenix_MR70.789804814981/Phoenix_MR7/posture/asa/libcsd/csd_api.c Line: 1044 Level: all :: libcsd prelogin returns 0. 
[Mon Aug 28 16:35:35.074 2023][libcsd]Function: csd_run Thread Id: 0x6DC1F000 File: /tmp/build/thehoff/Phoenix_MR70.789804814981/Phoenix_MR7/posture/asa/libcsd/csd_api.c Line: 1102 Level: debug :: csd_run().
[Mon Aug 28 16:35:35.074 2023][libcsd]Function: csd_run Thread Id: 0x6DC1F000 File: /tmp/build/thehoff/Phoenix_MR70.789804814981/Phoenix_MR7/posture/asa/libcsd/csd_api.c Line: 1114 Level: debug :: spawning thread to handle scan session.
[Mon Aug 28 21:38:22.383 2023][libcsd]Function: reset_connection_cb Thread Id: 0x6E223000 File: /tmp/build/thehoff/Phoenix_MR70.789804814981/Phoenix_MR7/posture/asa/libcsd/csd_api.c Line: 90 Level: all :: *** reset connection [6000039c9680] from pid: [0] ***
[Mon Aug 28 21:38:22.384 2023][libcsd]Function: run_loop Thread Id: 0x6E223000 File: /tmp/build/thehoff/Phoenix_MR70.789804814981/Phoenix_MR7/posture/asa/libcsd/csd_api.c Line: 220 Level: debug :: error occurred, exit run thread.
[Mon Aug 28 21:38:22.384 2023][libcsd]Function: run_loop Thread Id: 0x6E223000 File: /tmp/build/thehoff/Phoenix_MR70.789804814981/Phoenix_MR7/posture/asa/libcsd/csd_api.c Line: 229 Level: debug :: libcsd IPC thread exiting.
[Tue Aug 29 09:59:22.040 2023][libcsd]Function: csd_free Thread Id: 0x6DC1F000 File: /tmp/build/thehoff/Phoenix_MR70.789804814981/Phoenix_MR7/posture/asa/libcsd/csd_api.c Line: 623 Level: debug :: csd_free()
[Tue Aug 29 09:59:22.041 2023][libcsd]Function: csd_free Thread Id: 0x6DC1F000 File: /tmp/build/thehoff/Phoenix_MR70.789804814981/Phoenix_MR7/posture/asa/libcsd/csd_api.c Line: 633 Level: debug :: shutting down posture library, killing scanner...
[Tue Aug 29 09:59:22.047 2023][libcsd]Function: hs_try_get_process_exit_code Thread Id: 0x6DC1F000 File: /tmp/build/thehoff/Phoenix_MR70.789804814981/Phoenix_MR7/posture/common/libcommon/hs_process.c Line: 2291 Level: debug :: attempt(1) to collect exitcode of process(id:1032)
[Tue Aug 29 09:59:22.047 2023][libcsd]Function: hs_try_get_process_exit_code Thread Id: 0x6DC1F000 File: /tmp/build/thehoff/Phoenix_MR70.789804814981/Phoenix_MR7/posture/common/libcommon/hs_process.c Line: 2295 Level: debug :: collected exitcode(0) of process(id:1032)
[Tue Aug 29 09:59:22.047 2023][libcsd]Function: csd_free Thread Id: 0x6DC1F000 File: /tmp/build/thehoff/Phoenix_MR70.789804814981/Phoenix_MR7/posture/asa/libcsd/csd_api.c Line: 636 Level: debug :: waiting for scan thread to terminate.
[Tue Aug 29 09:59:22.047 2023][libcsd]Function: csd_free Thread Id: 0x6DC1F000 File: /tmp/build/thehoff/Phoenix_MR70.789804814981/Phoenix_MR7/posture/asa/libcsd/csd_api.c Line: 638 Level: debug :: scan thread terminated.
[Tue Aug 29 09:59:22.047 2023][libcsd]Function: csd_free Thread Id: 0x6DC1F000 File: /tmp/build/thehoff/Phoenix_MR70.789804814981/Phoenix_MR7/posture/asa/libcsd/csd_api.c Line: 649 Level: all :: goodbye.
[Tue Aug 29 09:59:22.047 2023][libcsd]Function: hs_log_free Thread Id: 0x6DC1F000 File: /tmp/build/thehoff/Phoenix_MR70.789804814981/Phoenix_MR7/posture/common/libcommon/hs_log.c Line: 455 Level: info :: Logging system shutdown
